All_Mean,All_CI,Cluster0_Mean,Cluster0_CI,Cluster1_Mean,Cluster1_CI,Cluster2_Mean,Cluster2_CI,Cluster3_Mean,Cluster3_CI
0.0,0.0,0.0,0.0,0.0,0.0,0.0,0.0,0.0,0.0
0.0,0.0,0.0,0.0,0.0,0.0,0.0,0.0,0.0,0.0
0.0,0.0,0.0,0.0,0.0,0.0,0.0,0.0,0.0,0.0
0.0,0.0,0.0,0.0,0.0,0.0,0.0,0.0,0.0,0.0
0.0,0.0,0.0,0.0,0.0,0.0,0.0,0.0,0.0,0.0
0.0,0.0,0.0,0.0,0.0,0.0,0.0,0.0,0.0,0.0
0.0,0.0,0.0,0.0,0.0,0.0,0.0,0.0,0.0,0.0
0.0,0.0,0.0,0.0,0.0,0.0,0.0,0.0,0.0,0.0
0.0,0.0,0.0,0.0,0.0,0.0,0.0,0.0,0.0,0.0
0.0,0.0,0.0,0.0,0.0,0.0,0.0,0.0,0.0,0.0
0.0,0.0,0.0,0.0,0.0,0.0,0.0,0.0,0.0,0.0
0.0,0.0,0.0,0.0,0.0,0.0,0.0,0.0,0.0,0.0
0.0,0.0,0.0,0.0,0.0,0.0,0.0,0.0,0.0,0.0
0.0,0.0,0.0,0.0,0.0,0.0,0.0,0.0,0.0,0.0
0.0,0.0,0.0,0.0,0.0,0.0,0.0,0.0,0.0,0.0
0.0,0.0,0.0,0.0,0.0,0.0,0.0,0.0,0.0,0.0
0.0,0.0,0.0,0.0,0.0,0.0,0.0,0.0,0.0,0.0
0.0,0.0,0.0,0.0,0.0,0.0,0.0,0.0,0.0,0.0
0.0,0.0,0.0,0.0,0.0,0.0,0.0,0.0,0.0,0.0
0.0,0.0,0.0,0.0,0.0,0.0,0.0,0.0,0.0,0.0
0.0,0.0,0.0,0.0,0.0,0.0,0.0,0.0,0.0,0.0
0.004629629629629629,0.009031966774601614,0.0,0.0,0.0,0.0,0.018518518518518517,0.03561780102469666,0.0,0.0
0.022034787037037033,0.023963803907936874,0.03653846875,0.051573606452866995,0.0,0.0,0.044834296296296296,0.07223047284120794,0.0,0.0
0.04948446481481482,0.03889456990648609,0.0625,0.08387001661797856,0.0111111,0.02141171722482073,0.11151811851851852,0.1127115101569147,0.0,0.0
0.09738840740740741,0.053554094754502776,0.10416665625,0.09870987625045301,0.03333333333333333,0.06423521590967811,0.22905981481481483,0.1517737679482568,0.0,0.0
0.19662133333333334,0.07015670741658112,0.2046474375,0.13006984050668943,0.061904766666666666,0.08314877923551038,0.3829444444444444,0.17010943018634495,0.1310391052631579,0.13677813488081145
0.30900275925925924,0.08229785591373037,0.35389959375,0.14915725001399513,0.10416666666666667,0.10715670854027379,0.5615039629629629,0.17951187192122645,0.19799494736842105,0.16472820372810265
0.42931225925925925,0.09049701958143429,0.4715545,0.17066905956685297,0.19333333333333333,0.13888008363199394,0.7040123333333334,0.1638240966238406,0.34040247368421056,0.19504039393679537
0.5413022500000001,0.09019758342996885,0.64839809375,0.15405021792060186,0.21666666666666667,0.14375807867798313,0.8356260740740742,0.13069627156842525,0.45526315789473687,0.21352621917452477
0.6144270740740742,0.08928640996676351,0.7207236875,0.15111614912561414,0.26452993333333336,0.15350152036852013,0.9106753703703704,0.10147708106199918,0.566885947368421,0.21132728191218433
0.6574074074074074,0.08747513368578874,0.7625,0.14436041593006027,0.3088889,0.15700957059313336,0.9259259259259259,0.09878600608755204,0.6491227894736842,0.20901284772852236
0.7150689907407407,0.0846074772231613,0.84166665625,0.12555834928945903,0.36666666666666664,0.17244369988384503,0.9368191851851853,0.08560050010789085,0.7368421052631579,0.1980043310607674
0.7372950972222222,0.0813126942692028,0.8683035625,0.11138811889495744,0.36666666666666664,0.17244369988384503,0.982716037037037,0.033243304701584236,0.7530959736842104,0.18711269188757676
0.7870370370370371,0.07593672239977041,0.90625,0.10099287374302704,0.4166666666666667,0.17221148712062237,1.0,0.0,0.868421052631579,0.1429789495913398
0.8189062685185186,0.07059207953235577,0.9338235312500001,0.08384099069287364,0.4630952333333333,0.171606581776652,1.0,0.0,0.9298245789473685,0.10405884518443352
0.8691677314814815,0.06158918237573715,0.96428571875,0.060621777317696024,0.5801709666666668,0.17215181463588267,1.0,0.0,0.9793601578947367,0.033661275153839015
0.8793356851851852,0.060838442476346795,0.96428571875,0.060621777317696024,0.6037037000000001,0.17382351631701864,1.0,0.0,1.0,0.0
0.8916666666666666,0.0580244290117526,0.978125,0.042199760949782054,0.6333333333333333,0.17244369988384503,1.0,0.0,1.0,0.0
0.8981481481481481,0.057043038093083635,1.0,0.0,0.6333333333333333,0.17244369988384503,1.0,0.0,1.0,0.0
0.9236111111111112,0.05423926099882936,1.0234375,0.0452140295890522,0.7,0.16398536520067877,1.0,0.0,1.0,0.0
0.9453703703703703,0.05262238609629664,1.03125,0.06028537278540292,0.74,0.15029506977941756,1.0333333333333332,0.044749079428959976,1.0,0.0
0.9816400000000001,0.06014962049399097,1.03125,0.06028537278540292,0.7851853333333333,0.15902040303047155,1.1282059259259258,0.10934752683416793,1.0,0.0
1.0154297222222222,0.06625783561163565,1.03125,0.06028537278540292,0.825,0.15861003891445344,1.2191262962962963,0.14958563647774326,1.0,0.0
1.0462962962962963,0.06974302524037382,1.0625,0.08387001661797856,0.8666666666666667,0.15275523874146824,1.2592592592592593,0.16530060494881324,1.0,0.0
1.0505050925925925,0.07012594068716857,1.0625,0.08387001661797856,0.8666666666666667,0.15275523874146824,1.2760944444444444,0.16471411005019512,1.0,0.0
1.084888888888889,0.07518095491977363,1.0625,0.08387001661797856,0.8666666666666667,0.15275523874146824,1.4136296296296298,0.16743855016948178,1.0,0.0
1.1447417592592595,0.08591096093042329,1.0815971875,0.09002700355164578,0.87,0.1504511910517457,1.6267037037037038,0.17609096611790384,1.0,0.0
1.198828888888889,0.08913196396484072,1.1578528124999998,0.11604218515650049,0.9,0.14163929147270146,1.7008233333333334,0.17013733152557756,1.0263157894736843,0.0502032608552044
1.2634226851851853,0.09603997609416934,1.28314875,0.14869836159084746,0.9166666666666666,0.1466972190400148,1.7736625925925926,0.15618668091996893,1.0526315789473684,0.1004065217104088
1.3230738888888889,0.10064470977968328,1.3907215625,0.16466392948845518,0.9916666666666667,0.17964191748731287,1.8014403703703705,0.1453728140888045,1.0526315789473684,0.1004065217104088
1.3770808333333333,0.10262701846836454,1.5064953124999998,0.16752819623715162,1.0,0.18479057215008438,1.8356481481481481,0.13507089941478587,1.102862105263158,0.10953019190648536
1.4235915740740739,0.10525755593481298,1.55859375,0.17085085275028053,1.0060606666666667,0.18515928376679114,1.8356481481481481,0.13507089941478587,1.2699247368421052,0.19348401923938457
1.4635662037037038,0.10349720688261294,1.6151040625,0.16578632261482923,1.0310606666666666,0.17367629641544824,1.8518518518518519,0.1339998582001599,1.3394736842105264,0.20664807037343816
1.510801203703704,0.1038859299907528,1.657711875,0.16173175347236665,1.0583333333333333,0.18433284106825973,1.867724814814815,0.12263896406938612,1.4705884210526314,0.22312182267803773
1.5386574074074075,0.10337155605839746,1.6875,0.16059885487605446,1.0666666666666667,0.18324418034314113,1.8888888888888888,0.11854320730506245,1.5355263157894736,0.21469843839417943
1.5614548148148149,0.10222352082693795,1.6875,0.16059885487605446,1.0888890000000002,0.18717072151621847,1.909090740740741,0.10223641325891951,1.6013157894736842,0.2104166203133602
1.6152930555555556,0.10076628048469176,1.6875,0.16059885487605446,1.113534,0.19273846127313346,1.971387037037037,0.050325388445540215,1.7799042105263156,0.18199863929222115
1.6468570370370372,0.1004987074994369,1.70520125,0.15333444642737218,1.1666666666666667,0.20831671044794234,2.010893333333333,0.02095181527476756,1.7894736842105263,0.18331638953807697
1.6759259259259258,0.10211040259912522,1.75,0.15003124674546964,1.1666666666666667,0.20831671044794234,2.037037037037037,0.07123560204939332,1.8421052631578947,0.16396316335878855
1.6905863888888888,0.104866745081445,1.7734375,0.15485636137529188,1.1666666666666667,0.20831671044794234,2.0679011111111114,0.09095691790053158,1.8421052631578947,0.16396316335878855
1.726846111111111,0.10816370366455824,1.8483665624999999,0.14762114429641773,1.197436,0.2312542293952178,2.089947037037037,0.10176512073501337,1.8421052631578947,0.16396316335878855
1.7543272222222224,0.10823416107099569,1.87109375,0.1434334123149503,1.2291666666666667,0.2372787956220527,2.1168092592592593,0.1182896450031579,1.8717626315789475,0.13526514985264668
1.7834362037037037,0.11035348344136814,1.875,0.1436439826445925,1.237037,0.23850469346128841,2.1666666666666665,0.13580830514957268,1.9473684210526316,0.1004065217104088
1.812406111111111,0.11136207007877791,1.9034090625,0.13338963696242,1.2666666666666666,0.24328809320699668,2.2159544444444443,0.1479549251537799,1.9473684210526316,0.1004065217104088
1.8494157407407406,0.11718931014779882,1.9375,0.14846019563337506,1.2809523333333332,0.2428401052508227,2.307715925925926,0.16654358379003537,1.9473684210526316,0.1004065217104088
1.8894041666666666,0.12019988365031287,1.9816965625,0.1448078725211779,1.309524,0.24837310934557902,2.383542222222222,0.17574935612318424,1.9473684210526316,0.1004065217104088
1.9444444166666668,0.12382777134920911,2.0,0.15003124674546964,1.3888889000000002,0.2578314719030073,2.493827037037037,0.18545596114122168,1.9473684210526316,0.1004065217104088
1.9537037037037037,0.12411067064643426,2.0,0.15003124674546964,1.4,0.2547162255443409,2.5185185185185186,0.18847168751665785,1.9473684210526316,0.1004065217104088
1.975440925925926,0.12365687714174058,2.0178571874999998,0.15393537502342064,1.4309523333333334,0.25238717193343524,2.549911851851852,0.18311623404424882,1.9473684210526316,0.1004065217104088
2.020221111111111,0.12440858619910833,2.0541665625,0.16711133242099796,1.476923,0.2553104849044272,2.5978837037037037,0.18319896841519265,2.0,0.0
2.049345277777778,0.12643196588763536,2.0784721875,0.17249077621747108,1.5,0.2572175905510525,2.6599325925925927,0.1764854293048112,2.0,0.0
2.098498888888889,0.133477639903242,2.177734375,0.18463387577362642,1.5190476666666666,0.27354262148827024,2.717738888888889,0.187426104206053,2.0,0.0
2.1564854629629626,0.13697455142175113,2.2697849999999997,0.1709190073423292,1.5525,0.28194143737860017,2.8034188888888885,0.19795164832777692,2.0,0.0
2.213262962962963,0.13714233420756045,2.3681140625,0.18253239845513589,1.6,0.2709561670168155,2.861212962962963,0.18894416470773154,2.0,0.0
2.259842962962963,0.14008293008457287,2.435369375,0.18908372757721467,1.611111,0.26864165187602534,2.9002848148148153,0.18966277302399662,2.0784315789473684,0.10345517032759159
2.303383148148148,0.14579179464415443,2.4661459375,0.19340140945816822,1.6466666666666667,0.2663058047238731,2.991927407407408,0.21997449134382357,2.0877194736842104,0.11753887997217237
2.379941666666667,0.15160349053349856,2.5260990625,0.20899389435973276,1.7055556666666665,0.2620959259072871,3.087962962962963,0.2427428669944923,2.1924663157894737,0.15764903150494017
2.469073240740741,0.15244530789671515,2.5625,0.21106824651638148,1.7800723333333333,0.2632247515717317,3.230004444444445,0.2075006591092539,2.3182957894736838,0.1983312705176929
2.560210833333333,0.15377103059358974,2.6065103125,0.2057007510270836,1.8527776666666669,0.24393096097479508,3.403703703703704,0.19992149757416766,2.400584736842105,0.21174903555091448
2.6117424074074074,0.15615889156343113,2.630681875,0.2059380435947449,1.875,0.23865677353797346,3.50505037037037,0.18438787675449264,2.473684210526316,0.22451580792878253
2.6763194444444447,0.15152858356420248,2.6821875,0.19252636772613768,1.9388889999999999,0.23174841467805277,3.545678888888889,0.18121184280091315,2.5953947368421053,0.21077440800909575
2.7472608333333333,0.1529372287839492,2.79296875,0.17613015503442667,1.975555666666667,0.23362055474778923,3.6319444444444446,0.18106510877810417,2.6315789473684212,0.21690287721140625
2.7887125,0.15150823124396132,2.8464284375,0.16656751418129376,2.027619,0.23972658046157713,3.6666666666666665,0.1778148109575937,2.6456142105263156,0.21018851833213895
2.8297325000000004,0.1497392996143913,2.8784721875,0.1681838134432915,2.0531746666666666,0.246796480988024,3.669312222222222,0.176471282768717,2.780701578947369,0.1820388975898142
2.870987685185185,0.14926437553393926,2.925,0.17302447442486277,2.115555666666667,0.25148825375626566,3.7037037037037037,0.17223928702865324,2.789473684210526,0.18331638953807697
2.9170746296296297,0.14795190272957068,3.0063246875000003,0.17228712403303084,2.1333333333333333,0.25694086363871244,3.7175925925925926,0.1661287233767325,2.866666842105263,0.1389124379063954
2.958140462962963,0.15320898975828223,3.119140625,0.20215685321778598,2.1333333333333333,0.25694086363871244,3.740740740740741,0.16530060494881327,2.8771931578947365,0.1393418413201659
2.995602962962963,0.1564427464373693,3.2160628124999997,0.21703344379674291,2.1333333333333333,0.25694086363871244,3.763374444444444,0.15447647052836347,2.8947368421052633,0.1379955648376294
3.0658703703703707,0.16199220547748266,3.3306050000000003,0.23530446383978776,2.1533333333333333,0.25849772719109726,3.845315925925926,0.13356066995232382,2.9532163157894735,0.1461716816854615
3.0921296296296297,0.16073167787832343,3.34375,0.23894370005688575,2.1983333333333333,0.26476059598283347,3.8600822222222217,0.12732424429005976,2.988304210526316,0.13058105471630133
3.137549166666667,0.16054289928756363,3.375686875,0.23791807993276765,2.2666666666666666,0.2761573357238118,3.919752962962963,0.09884088732422064,3.0,0.14588729380269821
3.165166666666667,0.15872456222416056,3.4314903125000003,0.23477947994535678,2.278788,0.26995612834237687,3.925925925925926,0.09878600608755202,3.035087894736842,0.10758714847553585
3.195428796296296,0.15634837298630763,3.47767875,0.2271157831871862,2.3,0.2637719553789683,3.925925925925926,0.09878600608755202,3.0958205263157894,0.10914792909253872
3.2414886111111114,0.15958770508628253,3.534375,0.2281279869239387,2.3,0.2637719553789683,3.925925925925926,0.09878600608755202,3.262145789473684,0.1876812367879731
3.2991140740740743,0.16097007190283455,3.6159090625,0.21400225392291422,2.3,0.2637719553789683,3.925925925925926,0.09878600608755202,3.4523805263157894,0.20890187757684392
3.336658611111111,0.16170430778696968,3.6696428125000002,0.20160634853965237,2.318518666666667,0.2723400442493747,3.939814814814815,0.08253953588122659,3.526315789473684,0.22451580792878253
3.380513425925926,0.1635455540130937,3.7265625,0.19532817905816785,2.367070666666667,0.2878110221908183,3.993827037037037,0.09446553151758248,3.526315789473684,0.22451580792878253
3.3985689814814815,0.1640125116204826,3.7578125,0.18563446123562882,2.3848483333333332,0.2983542970610238,4.0,0.10266142897226911,3.539473684210526,0.2196293050511814
3.4367284259259256,0.15856062414059421,3.80625,0.16017489830455642,2.4455556666666665,0.2927063364627844,4.0,0.10266142897226911,3.5789473684210527,0.22200717267873302
3.4590277777777776,0.1535898727634386,3.8125,0.16059885487605446,2.506666666666667,0.28432137893327425,4.0,0.10266142897226911,3.598684210526316,0.21467234991029505
3.495399814814815,0.15531500298772924,3.8402778125,0.15246191439070755,2.506666666666667,0.28432137893327425,4.038800740740741,0.1166161231563988,3.703508947368421,0.19566159285678614
3.524074074074074,0.15345373479406624,3.84375,0.1527417077843344,2.5533333333333332,0.2707565521248166,4.074074074074074,0.14247120409878664,3.736842105263158,0.1980043310607674
3.5277777777777777,0.15282924684847635,3.84375,0.1527417077843344,2.566666666666667,0.2722657742938907,4.074074074074074,0.14247120409878664,3.736842105263158,0.1980043310607674
3.538271574074074,0.15397267678845428,3.84375,0.1527417077843344,2.577777666666667,0.2804742416857529,4.103703703703704,0.13783376763772157,3.736842105263158,0.1980043310607674
3.6035948148148145,0.15696860169145577,3.84375,0.1527417077843344,2.658333333333333,0.2962448249274513,4.256971851851852,0.14851518232376681,3.763157894736842,0.18407862313574946
3.651543240740741,0.16357823085396514,3.8489584375,0.1495855567364905,2.6844443333333334,0.30150593299273615,4.395061851851851,0.1811974873625116,3.789473684210526,0.18331638953807697
3.6721133333333333,0.16507332727513302,3.875,0.1436439826445925,2.7,0.30852278864147314,4.429194074074074,0.1832502533068094,3.789473684210526,0.18331638953807697
3.6952546296296296,0.16193114144742296,3.8875,0.1363414543985064,2.75,0.30205628614547986,4.451388888888889,0.18555686466111232,3.789473684210526,0.18331638953807697
3.737639259259259,0.16193475105588842,3.90625,0.1330514394768993,2.7990909999999998,0.30857804707282,4.507122592592593,0.18558184333730324,3.8421052631578947,0.16396316335878855
3.7843915740740743,0.15942465375243128,3.9375,0.08387001661797856,2.8666666666666667,0.31649038368165777,4.582010740740741,0.17847040054144014,3.8421052631578947,0.16396316335878855
3.821928888888889,0.16035249294630627,3.9375,0.08387001661797856,2.8809523333333336,0.3126550666505033,4.663817777777778,0.17713808699705544,3.916666842105263,0.10528500120784721
3.849041018518518,0.16026790531358473,3.96875,0.10553412325819074,2.9190476666666663,0.31421145361967023,4.671296296296297,0.17926666339616049,3.9473684210526314,0.1004065217104088
3.8673280555555554,0.1620098846573447,3.9875,0.08991449931740708,2.935714333333333,0.31639519412280653,4.703703703703703,0.20051369278622105,3.9473684210526314,0.1004065217104088
3.8978552777777775,0.16357781449529907,3.9947115625,0.09110327204369432,2.9962963333333335,0.33178601702875293,4.749952222222223,0.20478734966273107,3.9473684210526314,0.1004065217104088
3.949664074074074,0.16798537476996378,4.051470625,0.11183638549940646,3.0638886666666667,0.34102244544493077,4.814814814814815,0.23040657975216436,3.9473684210526314,0.1004065217104088
3.997421944444444,0.16799641831502377,4.1270284375,0.1370089942624201,3.1233333333333335,0.3434425293451045,4.850246666666667,0.21732888590885466,3.9473684210526314,0.1004065217104088
4.053378425925926,0.1726232892214354,4.2120534375,0.16410436552315769,3.161111,0.3451909172450187,4.931327037037037,0.21436047823080884,3.9473684210526314,0.1004065217104088
4.096528472222222,0.18037180495343758,4.25,0.1732411613907041,3.1666666666666665,0.3467388813673076,5.052780555555556,0.22796594158292569,3.9473684210526314,0.1004065217104088
4.113285601851852,0.18358423418966766,4.25,0.1732411613907041,3.1777776666666666,0.34671607746377264,5.107463518518518,0.24247979853499152,3.9473684210526314,0.1004065217104088
4.174436111111111,0.1862653420691201,4.2790865625,0.16873521139081352,3.2625,0.35505751490271104,5.223456666666667,0.24380294445314538,3.9473684210526314,0.1004065217104088
4.2375,0.193913206504504,4.34375,0.16456485589844205,3.316666666666667,0.3823070125590843,5.3388888888888895,0.24735390337482904,3.9473684210526314,0.1004065217104088
4.260698611111111,0.1943683044361696,4.36944125,0.16089935582897655,3.3444443333333336,0.3803117921195688,5.37037037037037,0.25455373105017787,3.9473684210526314,0.1004065217104088
4.323612685185185,0.19493668944641324,4.4607600000000005,0.18046283110189548,3.388889,0.3747845357452609,5.398757407407407,0.2522750585006896,4.0406699999999995,0.15188943772853503
4.41042037037037,0.19826396184555314,4.5659721875,0.18770493221514187,3.4433333333333334,0.37867228556081556,5.515344074074074,0.21791062172347475,4.105263157894737,0.20081304342081763
4.4516975,0.1989782268750003,4.6265625,0.1851728602122343,3.466666666666667,0.3779558273229921,5.560493703703703,0.2120852034672963,4.136842105263158,0.20383045992456625
4.5139675,0.19709169416723998,4.663194375,0.18349384544911085,3.5444443333333333,0.3765519975123375,5.614814814814815,0.2072906118337426,4.229102105263158,0.21691186246557975
4.573350185185185,0.19510257590795296,4.767218124999999,0.16812304485340343,3.588889,0.3830455014538259,5.62962962962963,0.2090905640967803,4.300219473684211,0.19436481052517376
4.615468425925926,0.19734981350331351,4.8272059375000005,0.18644570154631931,3.6,0.3876199742588667,5.62962962962963,0.2090905640967803,4.421052631578948,0.222007172678733
4.641451759259259,0.1961303104882521,4.84375,0.19579652524208643,3.625,0.38565348580184144,5.62962962962963,0.2090905640967803,4.50141,0.21622688782617341
4.6911375,0.200610623261942,4.9107140625,0.21208599331093814,3.6333333333333333,0.3863331128366737,5.703703703703703,0.2005136927862211,4.552631578947368,0.2175474637058857
4.721516944444445,0.20174843861652159,4.961805625,0.21705551485424104,3.6333333333333333,0.3863331128366737,5.723927777777778,0.1926506688934691,4.610526315789474,0.21336221799887126
4.765078148148148,0.20354181591908552,4.986328125,0.2234611611809431,3.6666666666666665,0.37341110301094677,5.811965925925926,0.20400252833022367,4.639097894736842,0.21291381430110537
4.793661018518519,0.20432612248312215,5.0291665625,0.23598252964187308,3.6666666666666665,0.37341110301094677,5.837607037037037,0.1755795584878896,4.692982631578947,0.20381204895475438
4.843810925925926,0.2097529691931382,5.0885415625,0.24837287677790307,3.6666666666666665,0.37341110301094677,5.936972222222222,0.15936666137228347,4.7368421052631575,0.1980043310607674
4.875201851851852,0.21101259900208788,5.1067709375,0.2448121418318875,3.6666666666666665,0.37341110301094677,5.983950740740742,0.16523107853679175,4.817813684210527,0.16577232805380807
4.917446296296297,0.21498814470231115,5.164563125,0.23351036802392297,3.6666666666666665,0.37341110301094677,6.037037037037037,0.19155317276209316,4.885167368421053,0.1907409943405875
4.959789074074074,0.21732142340054672,5.278003437500001,0.23436862149403334,3.6666666666666665,0.37341110301094677,6.041152222222222,0.1916034800598439,4.928947368421053,0.20955476931175626
5.017760925925926,0.22140975948380082,5.325,0.23547418913757828,3.69,0.36846494059061363,6.12984,0.19017371302642694,5.016447368421052,0.2546248730879272
5.084480925925925,0.22638862988787958,5.388564375,0.23838916182710634,3.7616069999999997,0.40300780627298605,6.205555555555556,0.18236104756485935,5.067982631578947,0.2671290119542747
5.174441481481482,0.22873022558064182,5.4659721875,0.22477285674879874,3.8333333333333335,0.403623954066525,6.330687777777778,0.20416043358267227,5.157894736842105,0.2635339141832989
5.209418796296296,0.2288547618957198,5.5372546875,0.2265256663677226,3.8529413333333333,0.39386994647514206,6.360623703703704,0.20572794381358014,5.163157894736842,0.2630872281849832
5.272602037037037,0.2314371907434406,5.609375,0.21539794997972647,3.872222333333333,0.3894763522410262,6.436507777777778,0.2113028861505835,5.262560000000001,0.27705225721148274
5.31743824074074,0.23249210226394512,5.65625,0.19472922833104128,3.9033333333333333,0.3959527012531038,6.488271481481482,0.21159913715573556,5.315789473684211,0.2936878840902504
5.357404537037037,0.2339624231861046,5.6954328125,0.17917705628634029,3.933333333333333,0.40203452956551256,6.558487777777778,0.20925986771291347,5.329824736842106,0.29185135261520095
5.423280462962963,0.23150925052687682,5.75,0.1732411613907041,3.9904763333333335,0.4001232733661727,6.592592592592593,0.2118723790260481,5.473684210526316,0.26775072456109017
5.451318703703704,0.22718143521311618,5.75,0.1732411613907041,4.091413999999999,0.41287801997894,6.592592592592593,0.2118723790260481,5.473684210526316,0.26775072456109017
5.473985925925926,0.22453303132215835,5.75,0.1732411613907041,4.152381,0.42153891512217323,6.592592592592593,0.2118723790260481,5.506265789473685,0.2585567983484464
5.51579037037037,0.22325006753780266,5.751953125,0.1736200821182097,4.183333333333334,0.4214717423856903,6.597883703703703,0.21000293099625778,5.684210526315789,0.2548910958984907
5.573290462962962,0.2230995093828897,5.8322915625,0.18416380170691765,4.248148,0.42012027874263386,6.660651851851852,0.2006975902853171,5.684210526315789,0.2548910958984907
5.623266759259259,0.22471312486112655,5.8916665625,0.1707937838781374,4.266666666666667,0.4227357812401745,6.769610370370371,0.15403791360140717,5.684210526315789,0.2548910958984907
5.656790092592593,0.22405146618769162,5.90625,0.15876337911141536,4.297777666666667,0.4244704138905303,6.814814814814815,0.1465233257785453,5.7368421052631575,0.2459447450381828
5.673598240740741,0.2246227167900617,5.9572175,0.1604626459511839,4.303921666666667,0.4258114228880373,6.814814814814815,0.1465233257785453,5.7368421052631575,0.2459447450381828
5.699163148148148,0.22572514184772524,6.0081131249999995,0.17227972515171766,4.333333333333333,0.4366430867255145,6.814814814814815,0.1465233257785453,5.75,0.23916174014699446
5.739934259259259,0.22781993713506915,6.1078865625,0.1961316208169538,4.341666666666667,0.43612344922391294,6.814814814814815,0.1465233257785453,5.800554210526316,0.21752399802345251
5.781853518518519,0.22836134898184546,6.18923625,0.20691910326550153,4.366666666666666,0.43810697154749606,6.829059999999999,0.1515600430077997,5.842105263157895,0.16396316335878855
5.818145092592592,0.23141415837757284,6.2366071875,0.19745139507483758,4.366666666666666,0.43810697154749606,6.910675555555555,0.14435009521309108,5.852631578947369,0.1539566666226268
5.857804259259258,0.23182507884853668,6.3125,0.18246949659463632,4.375,0.4375077777086432,6.935185185185185,0.14425801341621003,5.902255789473684,0.12856157067765192
5.885582037037036,0.2321053859528304,6.34375,0.1859696663353327,4.416666666666667,0.43847217910815256,6.962962962962963,0.16171966175019056,5.902255789473684,0.12856157067765192
5.918667222222223,0.23315962156208034,6.36328125,0.18545181569897048,4.433333333333334,0.4400512428073533,6.987323333333334,0.16542470493475425,5.996491052631579,0.14109914621354383
5.955919351851851,0.238258376126658,6.375,0.1887851788409249,4.453809666666667,0.4404852784873807,7.097222222222222,0.190483525480952,6.0,0.14588729380269821
5.990876203703705,0.23760063159488773,6.4017856250000005,0.1894682887076645,4.518452333333333,0.4497359535861108,7.133478518518519,0.1887154144809907,6.0,0.14588729380269821
6.072538333333333,0.24305279251025813,6.4575893749999995,0.1908883722779575,4.612626000000001,0.46881024045016223,7.252314814814815,0.2170659520081655,6.052631578947368,0.17710045763649956
6.109289722222223,0.24365845383103335,6.5303112500000005,0.1890077246655169,4.661111,0.4812059075808189,7.2592592592592595,0.22000688169623275,6.052631578947368,0.17710045763649956
6.16087962962963,0.2447932720617358,6.59375,0.17016866058964852,4.683333333333334,0.4855882877347693,7.316358148148148,0.20219150824924917,6.1228068421052635,0.19729577767734588
6.188888888888889,0.24675846401627521,6.6208334375,0.16378570518436592,4.7,0.49021772940421293,7.353086296296296,0.20289192910788,6.157894736842105,0.2194698645183333
6.227422685185185,0.2521807218186533,6.6619318750000005,0.16219269104416112,4.7,0.49021772940421293,7.458512222222222,0.20795676807147567,6.157894736842105,0.2194698645183333
6.279967777777777,0.25408026256160254,6.7339015625,0.1485018760309935,4.724074333333333,0.48865340061804724,7.525252592592593,0.20813172085494158,6.202506315789474,0.22524970558017235
6.318736018518518,0.2515528832457157,6.75,0.15003124674546964,4.793333333333334,0.49909991636797385,7.541610740740741,0.20396127666901528,6.2631578947368425,0.1980043310607674
6.360711666666667,0.249669572182869,6.75,0.15003124674546964,4.860784333333333,0.4936743841393497,7.634567777777778,0.17995816069404522,6.2631578947368425,0.1980043310607674
6.3945970370370375,0.2491583416826035,6.775,0.14259547240357948,4.919523666666667,0.5004133503592708,7.675213703703704,0.18082884842532135,6.2631578947368425,0.1980043310607674
6.4199460185185195,0.25001843375799954,6.787109375,0.1412634534252246,4.972222333333334,0.510289014149039,7.703703703703703,0.2005136927862211,6.2631578947368425,0.1980043310607674
6.456795833333333,0.2524160403248997,6.84375,0.1527417077843344,5.0,0.514435181102105,7.75310925925926,0.19211948026064044,6.2631578947368425,0.1980043310607674
6.492215648148148,0.25638273696116,6.88206125,0.14931048898594218,5.0,0.514435181102105,7.818518518518518,0.20430321755803896,6.307017368421053,0.20381204895475438
6.520102962962962,0.2597921569713605,6.9428475,0.16984548897643242,5.0,0.514435181102105,7.851851851851852,0.1975720121751041,6.315789473684211,0.20901284236921605
6.541186481481481,0.26124539330649904,6.96875,0.18343071218276125,5.0025640000000005,0.511899735099081,7.868687037037036,0.201972529234051,6.364035263157895,0.2081737333226338
6.5852814814814815,0.25689346514374317,6.9732143749999995,0.18372396638503213,5.06875,0.48830759815577995,7.926112592592593,0.20554514697399373,6.421052631578948,0.222007172678733
6.6513706481481485,0.2616445054161662,7.03125,0.18343071218276125,5.129411666666667,0.502008426936509,8.035765925925926,0.21474340411975767,6.447368421052632,0.2175474637058857
6.715730000000001,0.26601239699944845,7.0760415625,0.19306939202398074,5.153333333333333,0.5046113658237581,8.127337037037037,0.22370996798635553,6.569863684210526,0.21070132618569334
6.746296296296297,0.2675630863095311,7.1125,0.2023156553681099,5.166666666666667,0.506772211229142,8.148148148148149,0.22265235007416323,6.631578947368421,0.21690287721140625
6.754273518518518,0.2683790319875898,7.139423125,0.2085288370019708,5.166666666666667,0.506772211229142,8.148148148148149,0.22265235007416323,6.631578947368421,0.21690287721140625
6.787793981481482,0.26866458406154553,7.197123125,0.2153755651644191,5.221627,0.5217218565194235,8.148148148148149,0.22265235007416323,6.6381578947368425,0.21336385863461868
6.8628875925925925,0.26702384651412847,7.32105625,0.20894792768181555,5.316666666666666,0.5357399728585862,8.163631851851852,0.2150267809188233,6.684210526315789,0.20901284236921605
6.9237671296296295,0.2709277137086336,7.3578296875,0.19481578464258545,5.341666666666667,0.5350174417371483,8.317270370370371,0.20033329675028202,6.7105263157894735,0.19729590542265363
6.9773148148148145,0.26988128214389634,7.43125,0.16983764650946798,5.391666666666667,0.5306113210948991,8.37037037037037,0.2090905640967803,6.7368421052631575,0.1980043310607674
7.0246649074074075,0.27574981052880154,7.4752859375,0.17796780839730653,5.4,0.5275439107579366,8.49832074074074,0.20077541855377914,6.7368421052631575,0.1980043310607674
7.060493796296296,0.28225430096349674,7.5166665625,0.19117676411833018,5.4,0.5275439107579366,8.592592592592593,0.21187237902604814,6.7368421052631575,0.1980043310607674
7.064814814814815,0.28263740662271736,7.53125,0.19338663002357478,5.4,0.5275439107579366,8.592592592592593,0.21187237902604814,6.7368421052631575,0.1980043310607674
7.080864166666667,0.2798769017586998,7.5541665625,0.19086579472340318,5.433333333333334,0.520074125770833,8.592592592592593,0.21187237902604814,6.7368421052631575,0.1980043310607674
7.08928574074074,0.2818073400231959,7.5625,0.19247514044026567,5.433333333333334,0.520074125770833,8.616402222222222,0.22304117595879952,6.7368421052631575,0.1980043310607674
7.108513333333333,0.2833306397719883,7.5625,0.19247514044026567,5.433333333333334,0.520074125770833,8.643518518518519,0.2290925009194846,6.8076021052631575,0.21676232566222645
7.138679444444445,0.2858436270975717,7.614136875,0.20344356785967502,5.433333333333334,0.520074125770833,8.666666666666666,0.22955793384926007,6.859210526315789,0.2231411174637243
7.1718475,0.2859165745670028,7.6581103125,0.20577556234293073,5.45,0.5151606869058754,8.666666666666666,0.22955793384926007,6.947368421052632,0.27190214615042513
7.222334351851852,0.28530821887883007,7.6875,0.21977572019561212,5.5,0.4778721353853746,8.778226296296296,0.24200903817991054,6.947368421052632,0.27190214615042513
7.29878138888889,0.2920638862719413,7.797091875,0.20147699366208233,5.5025640000000005,0.4782410686429298,8.926587407407409,0.21742517559499316,6.982456315789475,0.2813507673780862
7.365007685185185,0.2949566519157802,7.857421875,0.2117084215185648,5.571111,0.4949522063820928,8.994444444444444,0.20560071131199467,7.052631578947368,0.3085674635704192
7.412340185185185,0.29566069414057955,7.931640625,0.2251353721283846,5.609523666666666,0.5039884526908383,9.010802592592594,0.20261336577213132,7.1127821052631575,0.2877112838360035
7.45617287037037,0.2985340001697288,7.9375,0.22815111151931736,5.633333333333334,0.5101302085052692,9.074074074074074,0.20341283635654522,7.224561578947369,0.3114101359991801
7.47037037037037,0.296845784376806,7.9375,0.22815111151931736,5.66,0.508476368073177,9.074074074074074,0.20341283635654522,7.2631578947368425,0.3210218413099743
7.4923225,0.29807671384639534,7.9916665625,0.22534299210212172,5.666666666666667,0.5088735562949762,9.090277777777779,0.20495492550955302,7.2631578947368425,0.3210218413099743
7.54076175925926,0.3043847380156097,8.05625,0.22867464178801064,5.666666666666667,0.5088735562949762,9.207491481481481,0.1875866665766267,7.2631578947368425,0.3210218413099743
7.568009629629629,0.3064530831336486,8.098965,0.23155179668700815,5.666666666666667,0.5088735562949762,9.23345037037037,0.18648496115613486,7.309210526315789,0.32538121238358503
7.637012685185185,0.31540543520016934,8.220869375,0.24148768330473977,5.666666666666667,0.5088735562949762,9.346464814814814,0.20313144663603544,7.3355263157894735,0.32624073169481194
7.676727777777778,0.3205396234162643,8.290900624999999,0.2553325704643798,5.666666666666667,0.5088735562949762,9.399177037037036,0.20917123739374455,7.368421052631579,0.33301075901809946
7.720064907407408,0.3203215435684511,8.361213124999999,0.24559846478687553,5.707719333333333,0.5046750866779779,9.443578148148148,0.20753570340161007,7.368421052631579,0.33301075901809946
7.748148148148148,0.32214349841664974,8.390625,0.24779533259419703,5.733333333333333,0.5055072113637359,9.492592592592594,0.2121209529587864,7.368421052631579,0.33301075901809946
7.789927037037038,0.3242060779998699,8.4614584375,0.22061539563059493,5.733333333333333,0.5055072113637359,9.555555555555555,0.21370680614818,7.397128947368422,0.31306507536855194
7.807098796296297,0.32431017199470824,8.5,0.21217622392718744,5.733333333333333,0.5055072113637359,9.56172851851852,0.21174436534204466,7.421052631578948,0.30307324148950254
7.842382129629629,0.3266433732941903,8.5227271875,0.19686499746750524,5.775,0.514616653442152,9.62962962962963,0.23293396702271238,7.421052631578948,0.30307324148950254
7.890487314814815,0.3272979177678068,8.572916875,0.18764323036835873,5.832143,0.5353986385813309,9.662037037037036,0.22877279963440392,7.473684210526316,0.3049156489851965
7.916170370370371,0.32904938005753936,8.59375,0.1909463224230176,5.866666666666666,0.5445315485877814,9.70171851851852,0.23314411899203652,7.473684210526316,0.3049156489851965
7.952583981481481,0.33070515370808934,8.601973749999999,0.18852006272975438,5.903333333333333,0.5416352682865583,9.767255925925927,0.24785767721158508,7.515789473684211,0.329221809505698
8.017852685185185,0.33040086254589496,8.625,0.1887851788409249,5.990909,0.5375956112866374,9.860714074074075,0.24871358559617393,7.576923157894737,0.3582733668466326
8.045061759259259,0.3291434665810483,8.625,0.1887851788409249,6.022222333333334,0.5216978305940436,9.88888888888889,0.2583589305429798,7.6421052631578945,0.39425100887225706
8.077802870370371,0.3306050408325587,8.6710071875,0.19225115558890885,6.033333333333333,0.5184300517123969,9.92335111111111,0.24480715578097895,7.684210526315789,0.4139866945128883
8.133133703703704,0.33480996957853315,8.733924375,0.20366747099839064,6.033333333333333,0.5184300517123969,10.023809629629628,0.2030844786459344,7.75,0.40449208943502524
8.189583055555556,0.33220318144850003,8.7552084375,0.21019466729710906,6.095833333333333,0.5254262652220435,10.0679,0.1952809259929638,7.873684210526315,0.36441267516433967
8.243908703703703,0.332823499857866,8.81467,0.19705145707383134,6.133333333333334,0.5366355546537319,10.12121111111111,0.213842520550688,7.947368421052632,0.3085674635704192
8.275913055555556,0.3376706510841555,8.84375,0.19579652524208643,6.133333333333334,0.5366355546537319,10.209472222222223,0.2127552120354143,7.954887368421052,0.3091596005451051
8.329151296296297,0.33943938207227203,8.8839284375,0.20387223063451987,6.196666666666667,0.5413199500261341,10.262108148148148,0.2407312912367599,8.015037368421053,0.32747284602942534
8.38857074074074,0.34428269076837825,8.9549840625,0.21165881056861913,6.205555666666667,0.543067097711874,10.34438148148148,0.2404847547730228,8.102167368421053,0.3230198781629331
8.450059814814814,0.3495755828588438,9.0867559375,0.22578148190159322,6.233333333333333,0.551928121997649,10.383837037037038,0.2605403814984148,8.129824736842105,0.32453850941642737
8.500733055555555,0.353849317712036,9.2024740625,0.23382737032691403,6.246666666666667,0.5548899144742002,10.407407407407407,0.27660081704514566,8.168421052631578,0.3342865383492636
8.572030185185186,0.35941236863460957,9.294791562499999,0.23140484103045436,6.284444333333334,0.565515926968206,10.511577777777777,0.27255188109743156,8.210526315789474,0.34458280375778344
8.620675277777778,0.3630543195612881,9.329934375,0.22836903170746117,6.327777666666666,0.5775184075568293,10.602470370370371,0.2742321418188152,8.230263157894736,0.34420164202788195
8.65931111111111,0.3622594955275023,9.375,0.22504687011820446,6.363095333333334,0.5635865641723453,10.650618518518517,0.27950720410272895,8.249791578947368,0.3404786823108455
8.722035740740742,0.3626778506941767,9.414473749999999,0.22564637598894213,6.408333333333333,0.5584391906283347,10.72098888888889,0.2914204696934471,8.368421052631579,0.33301075901809946
8.744047222222221,0.3610370732323742,9.4375,0.22815111151931736,6.433333333333334,0.5362377029583746,10.753966666666667,0.29735458536528625,8.368421052631579,0.33301075901809946
8.77714324074074,0.36518321619252725,9.4796271875,0.2123362267371386,6.433333333333334,0.5362377029583746,10.836422222222222,0.2978677318142354,8.368421052631579,0.33301075901809946
8.822178425925927,0.3705569218463805,9.5583334375,0.1915035648505646,6.433333333333334,0.5362377029583746,10.923281481481482,0.30543615395652707,8.368421052631579,0.33301075901809946
8.833820648148148,0.3704175513456648,9.5625,0.19247514044026567,6.435087666666666,0.5356475628682964,10.925925925925926,0.3067142432097928,8.421052631578947,0.3363576849129943
8.854102777777777,0.36891936124989433,9.576171875,0.20606085178501687,6.475,0.5258978248882782,10.946503703703705,0.30995780079846436,8.421052631578947,0.3363576849129943
8.889110185185185,0.3727308905357612,9.598215625,0.22798364487588585,6.5,0.5206209967166348,11.032629629629628,0.31043893237856857,8.421052631578947,0.3363576849129943
8.91261574074074,0.37610552419306914,9.625,0.24114149114161168,6.5,0.5206209967166348,11.094907407407407,0.28876167246579154,8.421052631578947,0.3363576849129943
8.935556481481482,0.37769310842639836,9.625,0.24114149114161168,6.533333333333333,0.5366355546537319,11.149633333333336,0.2697557109187671,8.421052631578947,0.3363576849129943
8.97181824074074,0.3830210923112634,9.638021875,0.24485247840831595,6.561904666666667,0.5493097651514127,11.244855555555555,0.27567392969426596,8.424812105263157,0.33773965747013196
9.047255,0.38792541977292083,9.741629375,0.24423211372391856,6.566666666666666,0.551928121997649,11.317459259259259,0.2677616687910464,8.56842105263158,0.36473359074070566
9.082304166666667,0.38570321434024574,9.754464375,0.24350616123740387,6.609091000000001,0.5519170525528717,11.333333333333334,0.27161661029914536,8.656487368421052,0.36183943765879667
9.170762037037036,0.38573839014720923,9.7890625,0.24221778414487793,6.691666666666666,0.5474388212055873,11.423788888888891,0.26849233593674854,8.842105263157896,0.4193633703486086
9.216485925925927,0.3894565387462846,9.850099375,0.24285172626448617,6.715,0.5492110960277478,11.50841851851852,0.25716382390183823,8.842105263157896,0.4193633703486086
9.283217592592592,0.3902243760997733,9.920703125,0.22985232936632274,6.766666666666667,0.5596083815854983,11.578703703703704,0.21896481476057902,8.921052631578947,0.43812153692747946
9.338871203703704,0.39244496005618107,10.01953125,0.2219280976710445,6.790476333333333,0.5681438100554931,11.608025925925926,0.20777034421041476,8.991689473684211,0.45795390420937626
9.363010833333332,0.3936675341647694,10.055890625,0.2187278738921279,6.8138890000000005,0.57688939245194,11.62962962962963,0.2090905640967803,9.0,0.4613361300946934
9.393518518518519,0.39277305730200784,10.09375,0.2184380588333338,6.883333333333334,0.6013443051570275,11.62962962962963,0.2090905640967803,9.0,0.4613361300946934
9.412962962962963,0.3937528602977167,10.09375,0.2184380588333338,6.913333333333333,0.6091599091888459,11.674074074074076,0.19922470468000228,9.0,0.4613361300946934
9.440990740740741,0.39659609647677535,10.144593749999999,0.24226488101559013,6.933333333333334,0.6124165128286346,11.703703703703704,0.2005136927862211,9.0,0.4613361300946934
9.496419351851852,0.3976215190022847,10.27362875,0.23205927566535442,6.979682333333333,0.61953445141026,11.72098888888889,0.2068052566107455,9.0,0.4613361300946934
9.568752407407407,0.39853469823998483,10.3684165625,0.23124677383651154,7.033333333333333,0.6231261212330638,11.77284074074074,0.20986483371201187,9.093117368421053,0.46004845950482887
9.622725740740739,0.4022817770081432,10.447680625,0.2098472090851847,7.066666666666666,0.6329807673633154,11.849207407407407,0.22076219014576381,9.105263157894736,0.4589016216494875
9.65671324074074,0.40325379117690746,10.507143750000001,0.20855121231778248,7.066666666666666,0.6329807673633154,11.86574074074074,0.21661239398581986,9.174812105263157,0.44738195884879883
9.68964935185185,0.40420901857149066,10.53125,0.21189977270368882,7.066666666666666,0.6329807673633154,11.922618518518519,0.19865949909537498,9.240601578947368,0.4025357858620381
9.722362314814815,0.4074529007926175,10.53125,0.21189977270368882,7.094444333333333,0.6404449982513707,12.006733333333333,0.19619653490195382,9.263157894736842,0.4085392638134928
9.739491296296297,0.4072477623197807,10.53819375,0.21022667210596294,7.1,0.6424628999232389,12.037037037037036,0.16171966175019054,9.296992631578947,0.392158249439775
9.771412037037036,0.4081321482143803,10.5625,0.21106824651638148,7.116666666666666,0.6295152867852347,12.104166666666666,0.15572020607125836,9.31578947368421,0.38742983976538603
9.785612962962963,0.4078842140246692,10.5625,0.21106824651638148,7.133333333333334,0.61796722914431,12.142451851851852,0.16502894362697154,9.31578947368421,0.38742983976538603
9.81815462962963,0.40954638214309186,10.594865625,0.22414354367710085,7.158333333333333,0.6034424364212995,12.20648148148148,0.17935646136308583,9.31578947368421,0.38742983976538603
9.864675,0.4084836549420895,10.683903125,0.2553724107828839,7.2,0.5799598453532987,12.222222222222221,0.187433268112754,9.342105263157896,0.386344093100698
9.914278703703703,0.4099191036048668,10.788815625,0.27269621546836514,7.25,0.5929697387819306,12.222222222222221,0.187433268112754,9.368421052631579,0.3917427352331633
9.957138240740742,0.4107640920111626,10.847596875,0.28564348956035784,7.3,0.599858205467481,12.248148148148148,0.18967942161794277,9.397254210526317,0.39366029133648367
9.994411111111113,0.4132695460401794,10.903012499999999,0.2806911782978064,7.3,0.599858205467481,12.271603703703704,0.19369218415749212,9.482457894736841,0.4245626314468992
10.064891666666666,0.42122428489185343,11.04609375,0.27165899397739535,7.3,0.599858205467481,12.353085185185185,0.21759551701825172,9.526315789473685,0.44653002750256054
10.114500277777777,0.42353982554522207,11.136159375,0.2626715401220196,7.333631,0.6044282152063137,12.38888888888889,0.2314630116088248,9.552631578947368,0.4549177592300882
10.176625000000001,0.424010545000902,11.17578125,0.26274647648823457,7.433333333333334,0.6312926655915064,12.431500000000002,0.24433324162851203,9.621052631578948,0.4828800992596101
10.226067592592594,0.4295189748690004,11.212140625,0.2586706183995971,7.470893333333334,0.6456775076929472,12.518518518518519,0.27870962127255267,9.657894736842104,0.4950108276519185
10.263425,0.4325079984435697,11.254165624999999,0.25757036851867715,7.5,0.6582150948672562,12.567281481481482,0.27632086206755735,9.68421052631579,0.5064754616030344
10.308815648148148,0.4349331424979927,11.3263875,0.2505489609766765,7.530256333333333,0.6586523538735295,12.62962962962963,0.2744758113025528,9.68421052631579,0.5064754616030344
10.35959814814815,0.43339083895047464,11.40625,0.22686283972231988,7.58,0.6555118346249237,12.669874074074073,0.2687857594320268,9.702631578947368,0.4951833442213363
10.439602777777779,0.4342043540790594,11.421875,0.2170246410530812,7.669843333333334,0.6558603234682877,12.819696296296296,0.27314304325016814,9.776315789473685,0.4905354997773045
10.500210740740739,0.43522973188519604,11.46875,0.21189977270368882,7.742105333333333,0.6681919624033598,12.877492592592592,0.2782244197995606,9.845647368421051,0.5149349726098159
10.531294814814816,0.4358608904867096,11.4765625,0.21035538166797557,7.766666666666667,0.676970200120989,12.898988888888889,0.2792586907379483,9.93984947368421,0.5355441419639634
10.555247222222222,0.43592587189012677,11.491146875,0.20825991505526847,7.808333333333334,0.683539104519564,12.925925925925926,0.2890229367872517,9.947368421052632,0.5355014491221802
10.60496046296296,0.4407123892784667,11.571528125,0.21479041923805733,7.817424333333333,0.6806778516614927,12.990603703703705,0.30389841380124905,9.988305263157896,0.5405142301903803
10.648860185185185,0.4409502621132436,11.61640625,0.21790725211915976,7.847979999999999,0.6704802516931342,13.033796296296297,0.3062841161203662,10.052631578947368,0.5550179316968326
10.716566666666667,0.44091399413386845,11.715503125000001,0.19524291022611293,7.9,0.6685103838635069,13.101596296296297,0.2955772018506716,10.092105263157896,0.5448974966170308
10.774602777777776,0.4399149287825512,11.776784375,0.18804860769048923,7.933333333333334,0.6674453674410501,13.148148148148149,0.28494240819757327,10.200000000000001,0.5227571482161485
10.811048148148146,0.43961467809429516,11.795834375,0.18324433484959954,7.98,0.6724828265465222,13.198203703703703,0.2740961432400779,10.230263157894736,0.5248215422990149
10.857407407407406,0.4351334345671095,11.8375,0.15729448397035414,8.06,0.6621977307924474,13.222222222222221,0.2780084638818404,10.263157894736842,0.5427733827627508
10.863072222222222,0.435869958515535,11.84375,0.1527417077843344,8.06,0.6621977307924474,13.237474074074074,0.27782146846690176,10.263157894736842,0.5427733827627508
10.892525925925927,0.4381015673646733,11.875,0.1436439826445925,8.066666666666666,0.6594029173482685,13.301585185185184,0.2608453789442076,10.276315789473685,0.5469493654788581
10.925572222222222,0.4396128135443235,11.875,0.1436439826445925,8.086666666666666,0.6679823479592745,13.355992592592592,0.2492353275929131,10.355263157894736,0.5522992537253232
10.965718518518518,0.4447649649453165,11.903409374999999,0.13292394291530724,8.1,0.674865188183701,13.458833333333335,0.24806775502235803,10.368421052631579,0.5499491686142309
11.00507037037037,0.45017304969133415,11.90625,0.1330514394768993,8.1,0.674865188183701,13.575837037037036,0.24261600840520106,10.421052631578947,0.5519822593505176
11.018518518518519,0.4533271413995666,11.90625,0.1330514394768993,8.1,0.674865188183701,13.62962962962963,0.2545537310501779,10.421052631578947,0.5519822593505176
11.045506481481482,0.4474792952349428,11.930146875,0.14270886438091407,8.158333333333333,0.6477905154074517,13.632100000000001,0.25510887750482597,10.438594736842106,0.5566966935165111
11.079878703703706,0.45223260447947744,11.996153125,0.1657814090980843,8.158333333333333,0.6477905154074517,13.666666666666666,0.27161661029914536,10.473684210526315,0.5719157983653591
11.129803703703704,0.4608601974641788,12.046875,0.17517593695116562,8.166666666666666,0.647316740833236,13.796992592592593,0.3012071325554072,10.473684210526315,0.5719157983653591
11.160889722222223,0.4587270587225505,12.069853125,0.17720021331220268,8.192928333333333,0.6428181306667121,13.814814814814815,0.3086173488117664,10.54489157894737,0.5417870514639542
11.214301851851852,0.45846299584912653,12.148837499999999,0.206357487760981,8.233333333333333,0.6446737216665555,13.833892592592592,0.2966752332770189,10.624563157894737,0.5294288410407363
11.279668888888889,0.46079221041205143,12.274946875000001,0.21644065957847458,8.280198,0.6457985741032941,13.88888888888889,0.27800846388184036,10.631578947368421,0.5302461556356717
11.302408055555555,0.4605204266488218,12.2890625,0.21118971466682432,8.305555666666667,0.6518949750356675,13.902533333333334,0.2729947239063867,10.677631578947368,0.5438203847560524
11.336658703703703,0.46370164927560537,12.341537500000001,0.20334947877474616,8.313334666666666,0.6532726824594387,13.952674074074073,0.2760533160655072,10.700405263157895,0.5496418379641255
11.38425925925926,0.45958308192666575,12.375,0.2077088557332113,8.416666666666666,0.6599690789614201,13.962962962962964,0.28080258900112964,10.736842105263158,0.5620374075884934
11.404956481481479,0.4615688980167295,12.375,0.2077088557332113,8.44706,0.675247418999363,14.011981481481481,0.27429316669989684,10.736842105263158,0.5620374075884934
11.434289166666666,0.46248913584659196,12.375,0.2077088557332113,8.500694333333334,0.6886535632221266,14.069718518518519,0.2704752814475394,10.736842105263158,0.5620374075884934
11.477730555555556,0.4620244364748557,12.396381250000001,0.20797089351355436,8.558333333333334,0.6858768407963202,14.129407407407408,0.2709832855726302,10.771931578947369,0.5692988785216372
11.521207407407406,0.46682016597665393,12.44444375,0.22694265608965908,8.566666666666666,0.6832463250839632,14.215488888888888,0.25950500261031323,10.802631578947368,0.5727109332746211
11.546395370370371,0.4668444092983159,12.46875,0.22892059468705517,8.586666666666668,0.689675781691551,14.232803703703704,0.25786509755358494,10.848684210526315,0.5610556004453366
11.591276203703703,0.46390950274842635,12.4704875,0.22942863212144465,8.669047666666666,0.7192643928249098,14.267807407407407,0.25348858149366765,10.921052631578947,0.4961409908299722
11.655674074074073,0.4657519947641005,12.529165625000001,0.24122368780689774,8.74,0.7275564118640179,14.358500000000001,0.22887216783981887,10.947368421052632,0.49416150904922324
11.72453175925926,0.46464609951931807,12.5625,0.2440410922109225,8.857937666666666,0.7254246202874013,14.463381481481482,0.23411069604701562,10.947368421052632,0.49416150904922324
11.766007407407406,0.4663877920011971,12.647775,0.2664207487952561,8.9,0.7295718074475069,14.481481481481481,0.23790820707288185,10.947368421052632,0.49416150904922324
11.787353703703705,0.4679964467587657,12.71981875,0.269091532206889,8.9,0.7295718074475069,14.481481481481481,0.23790820707288185,10.947368421052632,0.49416150904922324
11.846271296296297,0.4718227711592054,12.84149375,0.25141320782385174,8.933333333333334,0.7445325055710138,14.512759259259258,0.2524436644171988,10.980263157894736,0.5119919063842171
11.898208333333333,0.4750896778034759,12.9375,0.25895787241846885,8.95625,0.7476214240844091,14.547618518518519,0.2524281644339256,11.028068421052632,0.5287226040080383
11.937698148148149,0.46772743949552936,12.946428125,0.2556289587880336,9.073333333333332,0.7457125793246101,14.547618518518519,0.2524281644339256,11.052631578947368,0.5355014491221802
11.971164166666666,0.46576580322014377,12.989584375,0.255794970040131,9.120000000000001,0.7566491369481925,14.547618518518519,0.2524281644339256,11.096491052631578,0.5073042531716186
11.995332685185186,0.46843537913031996,13.05208125,0.25590026555821244,9.120000000000001,0.7566491369481925,14.57022222222222,0.2551665692989271,11.096491052631578,0.5073042531716186
12.030191666666667,0.4699752674456754,13.0625,0.25895787241846885,9.133333333333333,0.760415636833397,14.639285185185186,0.23695493997496453,11.157894736842104,0.48960692792215327
12.04682962962963,0.47078455245544476,13.069078125,0.25907818240924124,9.133333333333333,0.760415636833397,14.667062962962962,0.22359907377863758,11.201915789473684,0.49548418767553487
12.097119444444445,0.47474804388644287,13.145834375,0.26295106244099326,9.133333333333333,0.760415636833397,14.726748148148149,0.20671604921758405,11.273684210526316,0.5055457012409017
12.137858333333334,0.47671534756566264,13.201321875,0.2552016613834069,9.133333333333333,0.760415636833397,14.757274074074076,0.19544597204490805,11.368421052631579,0.5302461556356717
12.164532407407409,0.48026949764464816,13.245534375,0.2584534619784158,9.139999999999999,0.7626166090798471,14.79887037037037,0.21337102023210985,11.375942105263158,0.5322477893963004
12.202170277777778,0.48138061820244005,13.275884375,0.2513211222714881,9.166666666666666,0.7734944276655323,14.840277777777779,0.19752310312655677,11.43782052631579,0.5344525887001651
12.272283333333332,0.48240727470045086,13.341646875,0.25067778677501795,9.215046666666668,0.7856064997407002,14.926759259259258,0.18775391013746134,11.526315789473685,0.4697575629561618
12.315215740740738,0.48170617363004653,13.396484375,0.25580408776173374,9.277776666666666,0.8084706129118318,14.926759259259258,0.18775391013746134,11.578947368421053,0.4452739630523306
12.335541666666666,0.48278116816964095,13.396484375,0.25580408776173374,9.294443333333334,0.8057308197957304,14.984251851851852,0.1707728992797669,11.586468421052631,0.45032954148420384
12.393522222222222,0.48585337921275257,13.463540625,0.2436068256464553,9.344443333333334,0.8157123798958592,15.0494,0.1712412687354408,11.631578947368421,0.4884616469900778
12.419889444444443,0.4851537357203404,13.48660625,0.24307344284443752,9.381428666666666,0.8130846384332789,15.086437037037037,0.15276802443673382,11.631578947368421,0.4884616469900778
12.458557407407406,0.4838321614408183,13.526040625,0.24536523130225932,9.466666666666667,0.8301876271640625,15.099662962962963,0.15381761222804446,11.631578947368421,0.4884616469900778
12.484406481481482,0.48312959915771087,13.58885,0.2502350952130441,9.492726666666666,0.8240117661953874,15.099662962962963,0.15381761222804446,11.631578947368421,0.4884616469900778
12.519360185185185,0.48279941444949764,13.65625,0.25415982530068554,9.533333333333333,0.8250300645475942,15.099662962962963,0.15381761222804446,11.65263157894737,0.501854076324296
12.56089074074074,0.48246585377823653,13.6875,0.25161004985393565,9.575,0.8209510947675265,15.140622222222223,0.16040119457294,11.712073684210527,0.5224143801013075
12.605934259259257,0.47973882529162903,13.713540625,0.24805797605785115,9.629166666666666,0.8175223572659219,15.16911111111111,0.1661052810443379,11.798242105263158,0.5229490660970163
12.633030555555555,0.4770576972785174,13.740665625,0.25332577253139565,9.67,0.8158639788592214,15.16911111111111,0.1661052810443379,11.842105263157896,0.5108796789484227
12.698846296296297,0.47784642780735676,13.874534375,0.2632452437571943,9.7,0.8009664162747397,15.18218148148148,0.16611427885892227,11.924810526315788,0.5396043666075547
12.725502777777777,0.4807510401135089,13.945246874999999,0.2718012328572736,9.7,0.8009664162747397,15.189125925925923,0.16556672316548374,11.947368421052632,0.5550179316968326
12.741296296296296,0.48086825519967197,13.96875,0.28047384222396743,9.7175,0.7986487270522769,15.205,0.15156856189453147,11.947368421052632,0.5550179316968326
12.77901574074074,0.4793972491929266,13.99375,0.28491950274924144,9.783333333333333,0.7997442276313281,15.253099999999998,0.11506332116676421,11.947368421052632,0.5550179316968326
12.794812037037037,0.4790734758161848,14.0,0.287287965289185,9.8,0.7969595556446598,15.275544444444442,0.10837389568653175,11.968421052631578,0.5568716234079366
12.816162962962961,0.481425410455437,14.03125,0.2935450581629249,9.8,0.7969595556446598,15.301688888888888,0.11056004964123825,12.0,0.5650190593211186
12.836180833333332,0.4792579564205712,14.06026875,0.2741350728331996,9.841111000000001,0.801668862914477,15.301688888888888,0.11056004964123825,12.0,0.5650190593211186
12.87912962962963,0.4760079190817282,14.117421875,0.26900695906177513,9.916666666666666,0.8052625980708725,15.301688888888888,0.11056004964123825,12.028573684210526,0.5638794697408731
12.944976574074074,0.4776092718422605,14.16875,0.2756164929242715,9.963147999999999,0.8096337080865571,15.386285185185184,0.11541490506954712,12.122806842105263,0.5441476766315293
12.98125185185185,0.47601386174128,14.2109375,0.2816079698908656,10.026516666666668,0.8275182419808619,15.386285185185184,0.11541490506954712,12.157894736842104,0.5108796789484226
12.998687962962961,0.47613081458063383,14.23214375,0.28373493063481237,10.066666666666666,0.8414229922291474,15.386285185185184,0.11541490506954712,12.157894736842104,0.5108796789484226
13.003978703703703,0.4768073943920072,14.25,0.287287965289185,10.066666666666666,0.8414229922291474,15.386285185185184,0.11541490506954712,12.157894736842104,0.5108796789484226
13.019879629629626,0.4774169588098552,14.259765625,0.28688518265082485,10.066666666666666,0.8414229922291474,15.413622222222223,0.1098922066150017,12.192984210526316,0.49904835894802546
13.029331481481481,0.47791665250637916,14.28125,0.29033243002095893,10.066666666666666,0.8414229922291474,15.413622222222223,0.1098922066150017,12.210526315789474,0.49642312960218116
13.06759074074074,0.47900954602102525,14.360375000000001,0.26959638734011954,10.066666666666666,0.8414229922291474,15.413622222222223,0.1098922066150017,12.294736842105262,0.5212446180087406
13.130302777777777,0.48100117388612307,14.47869375,0.26406298330618116,10.11804,0.8593075896997194,15.413622222222223,0.1098922066150017,12.370815789473685,0.5308422231555306
13.171306481481482,0.48130491382885265,14.53125,0.26322361201433847,10.144443333333333,0.8687573885574409,15.413622222222223,0.1098922066150017,12.473684210526315,0.5334055449971782
13.194785185185184,0.4822088165515058,14.58184375,0.26261372031226404,10.175,0.8781046697923381,15.413622222222223,0.1098922066150017,12.473684210526315,0.5334055449971782
13.215112037037036,0.4805067161595175,14.61160625,0.24593044609775708,10.213096666666667,0.8808915761920403,15.417325925925926,0.10812543855219436,12.473684210526315,0.5334055449971782
13.244542592592593,0.48097051874281377,14.64285625,0.2439818688861644,10.266666666666667,0.8954878165724142,15.43848888888889,0.1040899114268724,12.473684210526315,0.5334055449971782
13.261261018518518,0.4794256189702374,14.671503125,0.2550248882732444,10.296296333333334,0.8876701776096692,15.43848888888889,0.1040899114268724,12.473684210526315,0.5334055449971782
13.300539814814815,0.4772995576587703,14.6860875,0.2505538509323987,10.365476666666666,0.9115644394073043,15.43848888888889,0.1040899114268724,12.563157894736843,0.5118982303361821
13.330940740740736,0.47789667809623965,14.734003125,0.23343522561248015,10.408253333333334,0.9305162009800361,15.43848888888889,0.1040899114268724,12.58772105263158,0.5087069665811585
13.362289814814813,0.4774068521126544,14.759003125,0.24169116564106563,10.433333333333334,0.9408151233352365,15.43848888888889,0.1040899114268724,12.68421052631579,0.4850095779599944
13.395572222222222,0.47456434237395884,14.7610875,0.24197395972667118,10.466666666666667,0.934498883339602,15.43848888888889,0.1040899114268724,12.817252631578947,0.5206903032116752
13.41192685185185,0.4715787798304357,14.7610875,0.24197395972667118,10.5,0.9274112116831215,15.43848888888889,0.1040899114268724,12.857584210526317,0.533049213228238
13.433240555555553,0.46931590219171976,14.78539375,0.24928767034680147,10.527272666666667,0.9156457799276165,15.43848888888889,0.1040899114268724,12.894736842105264,0.5438042923008503
13.453201018518518,0.4680662922467288,14.78539375,0.24928767034680147,10.550980333333333,0.9102555385821509,15.467296296296297,0.10153880551777697,12.929826315789473,0.5492702752629901
13.47097222222222,0.46537252112992805,14.804625,0.2351101994486442,10.583333333333334,0.9053834464939069,15.467296296296297,0.10153880551777697,12.947368421052632,0.5550179316968326
13.499389814814812,0.4633415593418799,14.8300375,0.23160289037594542,10.634286666666666,0.9020868165935098,15.494233333333334,0.09701757994515357,12.947368421052632,0.5550179316968326
13.520288888888889,0.4628241479040759,14.8550375,0.23871754750487484,10.682856666666668,0.9111028550737336,,,12.947368421052632,0.5550179316968326
13.561568518518516,0.46126486212345813,14.9112875,0.21763643280751427,10.760353333333335,0.9267016626788768,,,12.96491052631579,0.556361567864768
13.593569444444443,0.45975197774734944,14.9612875,0.20290721280964777,10.8,0.9257989222527991,,,13.0,0.5650190593211186
13.600359259259257,0.4580518904768881,14.9612875,0.20290721280964777,10.8,0.9257989222527991,,,13.038594736842105,0.5271118834557323
13.620149074074073,0.4587794518384832,15.00411875,0.21271755317633326,10.816666666666666,0.9291164181729427,,,13.052631578947368,0.5152462513389887
13.63095185185185,0.4575459329245234,15.00411875,0.21271755317633326,10.855556666666667,0.9361577577380557,,,13.052631578947368,0.5152462513389887
13.644068518518518,0.4577880218969342,15.014534375,0.21364032988742937,10.891666666666667,0.9489324625696597,,,13.052631578947368,0.5152462513389887
13.657747222222222,0.4570017053780856,15.014534375,0.21364032988742937,10.933333333333334,0.9599035754043601,,,13.064594736842105,0.515504557161116
13.674942592592593,0.4562784030451229,15.0234625,0.20919856895705496,10.961903333333334,0.9693130404395152,,,13.102189473684211,0.5046823141772486
13.698374074074072,0.4570875521683954,15.06165625,0.21622855209866604,10.961903333333334,0.9693130404395152,,,13.171052631578947,0.5001464430536301
13.75253462962963,0.45537560036427094,15.133371875,0.2007193313979385,11.048718000000001,0.9873174022158137,,,13.221052631578948,0.4739830685412097
13.77709259259259,0.4535118003065684,15.14601875,0.2006531702390531,11.066666666666666,0.9818855933959508,,,13.311005263157895,0.4837291546124065
13.791514814814812,0.45414614365177813,15.17101875,0.18896742028748614,11.066666666666666,0.9818855933959508,,,13.35087894736842,0.49942362698306964
13.822052777777776,0.45040264176188954,15.191975,0.17873240140212057,11.122306666666667,0.9791461591459901,,,13.401315789473685,0.49960372837483497
13.86119074074074,0.44813384214371665,15.235603125,0.17740471960754248,11.166666666666666,0.9738100811113396,,,13.480263157894736,0.5093872047777708
13.869292592592592,0.44729529059733036,15.235603125,0.17740471960754248,11.166666666666666,0.9738100811113396,,,13.526315789473685,0.4918894900763656
13.873922222222221,0.4470663790848997,15.235603125,0.17740471960754248,11.183333333333334,0.978347124642525,,,13.526315789473685,0.4918894900763656
13.897996296296295,0.44727003552894173,15.282478125,0.16044731652430674,11.22,0.9867453193875981,,,13.526315789473685,0.4918894900763656
13.904169444444442,0.446991242604359,15.282478125,0.16044731652430674,11.242223333333333,0.992789744946045,,,13.526315789473685,0.4918894900763656
13.918275925925924,0.4474774443498317,15.302365625,0.14522893267776282,11.271793333333333,1.0045681588572242,,,13.526315789473685,0.4918894900763656
13.961701851851851,0.44226362354921533,15.319978124999999,0.13939031045729947,11.35,1.002529042460809,,,13.620010526315792,0.4855098235006533
13.986885185185182,0.4378578401967528,15.319978124999999,0.13939031045729947,11.433333333333334,1.0047040352852767,,,13.631578947368421,0.4884616469900778
14.011068888888886,0.4314456111299985,15.319978124999999,0.13939031045729947,11.520394666666668,0.9967067984522314,,,13.631578947368421,0.4884616469900778
14.027549074074072,0.42827922027482684,15.319978124999999,0.13939031045729947,11.544443333333334,0.9920171953325033,,,13.687284210526316,0.46923642438207835
14.05324259259259,0.42632197947689776,15.319978124999999,0.13939031045729947,11.577776666666667,0.991754216807454,,,13.780700000000001,0.48143615495270536
14.070218518518516,0.4246323343428477,15.319978124999999,0.13939031045729947,11.6,0.9891043760224028,,,13.842105263157896,0.48960692792215327
14.074333333333332,0.42502851405948416,15.333865625,0.1381320933291877,11.6,0.9891043760224028,,,13.842105263157896,0.48960692792215327
14.083977777777775,0.4239009918950225,15.34428125,0.136562367180077,11.602776666666667,0.9896219832035922,,,13.875,0.4537042064222105
14.095937962962962,0.4228455878180382,15.34428125,0.136562367180077,11.633333333333333,0.9971987134338242,,,13.894736842105264,0.4350949274117714
14.10519722222222,0.4223775454738306,15.34428125,0.136562367180077,11.633333333333333,0.9971987134338242,,,13.947368421052632,0.42467197876311674
14.110584259259257,0.4225455941499072,15.3499625,0.13527666479186623,11.633333333333333,0.9971987134338242,,,13.968421052631578,0.4270917817033501
14.120108055555555,0.4211796084733258,15.3499625,0.13527666479186623,11.647618999999999,0.9927379709240394,,,14.0,0.43766188140809464
14.134658333333332,0.4187097774207306,15.3499625,0.13527666479186623,11.666666666666666,0.9879529153572872,,,14.052631578947368,0.42467197876311674
14.162556481481479,0.4204331309215585,15.3499625,0.13527666479186623,11.691283333333333,0.9983433643327699,,,14.172342105263157,0.4649550971904568
14.171352777777777,0.4190149072498995,15.3499625,0.13527666479186623,11.722949999999999,1.0006046488453757,,,14.172342105263157,0.4649550971904568
14.19697037037037,0.4159341118672223,15.3499625,0.13527666479186623,11.784616666666667,1.0018164907165976,,,14.220589473684209,0.47167217609372214
14.217225,0.4175287421553255,15.394884375,0.13608113465601704,11.784616666666667,1.0018164907165976,,,14.260063157894736,0.47813693518339306
14.221854629629629,0.41793496866124125,15.394884375,0.13608113465601704,11.801283333333334,1.0091543523853945,,,14.260063157894736,0.47813693518339306
14.221854629629629,0.41793496866124125,15.394884375,0.13608113465601704,11.801283333333334,1.0091543523853945,,,14.260063157894736,0.47813693518339306
14.229262037037037,0.4174141766095494,15.394884375,0.13608113465601704,11.801283333333334,1.0091543523853945,,,14.302168421052631,0.462182460357444
14.247574999999998,0.4160425664304111,15.398356249999999,0.13503244038389178,11.85684,1.0186565153947706,,,14.312694736842104,0.4603024495387026
14.263007407407407,0.4142947975764013,15.398356249999999,0.13503244038389178,11.890173333333333,1.0191868374233242,,,14.347784210526314,0.46035039012869583
14.288403981481482,0.40931493491722404,15.398356249999999,0.13503244038389178,11.950491,1.0151380294778478,,,14.396905263157896,0.43442967225048323
14.30673148148148,0.4055150386185149,15.398356249999999,0.13503244038389178,12.003136666666668,1.0133024732648739,,,14.41795789473684,0.41838342189136224
14.320376851851849,0.4050618531719373,15.41824375,0.13342988222154095,12.031046666666667,1.0163552566066605,,,14.41795789473684,0.41838342189136224
14.33896111111111,0.40072799412917876,15.41824375,0.13342988222154095,12.097949999999999,1.0131789952432337,,,14.41795789473684,0.41838342189136224
14.352066666666666,0.40151272329292226,15.41824375,0.13342988222154095,12.11795,1.019710008830332,,,14.46087368421053,0.43500459969175936
14.369967592592593,0.39797341297461464,15.41824375,0.13342988222154095,12.151283333333334,1.012844490161,,,14.509994736842106,0.4213146429004488
14.379844444444442,0.39772327519041795,15.41824375,0.13342988222154095,12.151283333333334,1.012844490161,,,14.566136842105266,0.40911004810434837
14.38416574074074,0.3968920049686615,15.41824375,0.13342988222154095,12.16684,1.012990591419615,,,14.566136842105266,0.40911004810434837
14.394504629629628,0.39579929405540387,15.41824375,0.13342988222154095,12.187393333333334,1.0134908659568438,,,14.59245263157895,0.4048046746798039
14.407622222222221,0.3929905052046487,15.41824375,0.13342988222154095,12.21795,1.007057579495764,,,14.618768421052634,0.4066981099369568
14.407622222222221,0.3929905052046487,15.41824375,0.13342988222154095,12.21795,1.007057579495764,,,14.618768421052634,0.4066981099369568
14.41688148148148,0.3937003401579142,15.41824375,0.13342988222154095,12.21795,1.007057579495764,,,14.671400000000002,0.4224815598322268
14.42151111111111,0.3940476968945747,15.41824375,0.13342988222154095,12.234616666666666,1.0134453784132986,,,14.671400000000002,0.4224815598322268
14.427298148148147,0.3924186981368775,15.41824375,0.13342988222154095,12.25545,1.0109876120011887,,,14.671400000000002,0.4224815598322268
14.444659259259257,0.3898818917746716,15.41824375,0.13342988222154095,12.301283333333334,1.011185747660497,,,14.697715789473687,0.41697277883795
14.479158055555555,0.3834395055427473,15.41824375,0.13342988222154095,12.372539,0.9982350064703489,,,14.781305263157895,0.4062880391952957
14.491772222222222,0.3785267323368021,15.41824375,0.13342988222154095,12.401283333333334,0.9831312867706297,,,14.80762105263158,0.3923713325069774
14.497944907407406,0.37901277333777234,15.41824375,0.13342988222154095,12.401283333333334,0.9831312867706297,,,14.842707894736844,0.4014539044055172
14.511833796296296,0.37884560166059833,15.41824375,0.13342988222154095,12.427950000000001,0.990003194218124,,,14.87955,0.3918550121162424
14.525722685185185,0.3781118705501507,15.41824375,0.13342988222154095,12.46795,0.9966313933434188,,,14.895339473684212,0.3915498288455883
14.529426388888886,0.37834608515602464,15.41824375,0.13342988222154095,12.481283333333332,1.0012894946398683,,,14.895339473684212,0.3915498288455883
14.55138287037037,0.37440084595608814,15.41824375,0.13342988222154095,12.516576666666667,0.9971555431271393,,,14.964418421052633,0.3362706455421751
14.573848611111112,0.3738518933931772,15.41824375,0.13342988222154095,12.591203333333333,1.0149081839670813,,,14.974286842105265,0.323797726073773
14.580793055555556,0.3738833952874631,15.41824375,0.13342988222154095,12.616203333333333,1.0212640748966304,,,14.974286842105265,0.323797726073773
14.587993981481482,0.37234349396045996,15.41824375,0.13342988222154095,12.631016666666666,1.0167939108848023,,,14.99182894736842,0.325802558350869
14.593138425925925,0.37043749057482267,15.41824375,0.13342988222154095,12.649536666666666,1.0123103459265965,,,14.99182894736842,0.325802558350869
14.593138425925925,0.37043749057482267,15.41824375,0.13342988222154095,12.649536666666666,1.0123103459265965,,,14.99182894736842,0.325802558350869
14.600260648148149,0.3689215464916821,15.41824375,0.13342988222154095,12.675176666666667,1.0114090797027315,,,14.99182894736842,0.325802558350869
14.602397685185183,0.36856764975738465,15.41824375,0.13342988222154095,12.68287,1.011609300609873,,,14.99182894736842,0.325802558350869
14.602397685185183,0.36856764975738465,15.41824375,0.13342988222154095,12.68287,1.011609300609873,,,14.99182894736842,0.325802558350869
14.602397685185183,0.36856764975738465,15.41824375,0.13342988222154095,12.68287,1.011609300609873,,,14.99182894736842,0.325802558350869
14.6106125,0.36748284084152405,15.41824375,0.13342988222154095,12.701916666666667,1.0130387525323175,,,15.00845,0.30621110387631656
14.624884722222223,0.36680315974954364,15.41824375,0.13342988222154095,12.716203333333333,1.0149812035780235,,,15.067018421052632,0.27437721523788133
14.624884722222223,0.36680315974954364,15.41824375,0.13342988222154095,12.716203333333333,1.0149812035780235,,,15.067018421052632,0.27437721523788133
14.643981944444445,0.3665277888332461,15.420196875,0.13096813084761597,12.749536666666666,1.022385756981637,,,15.11965,0.25030953522871535
14.6526625,0.36642915150405203,15.44949375,0.10390668652599093,12.749536666666666,1.022385756981637,,,15.11965,0.25030953522871535
14.6526625,0.36642915150405203,15.44949375,0.10390668652599093,12.749536666666666,1.022385756981637,,,15.11965,0.25030953522871535
14.65729212962963,0.366247104636441,15.44949375,0.10390668652599093,12.749536666666666,1.022385756981637,,,15.145965789473683,0.23078218729729905
14.66655138888889,0.365200727708822,15.44949375,0.10390668652599093,12.766203333333332,1.0213250321023741,,,15.172281578947368,0.22114860913428125
14.671181018518519,0.3643344381209844,15.44949375,0.10390668652599093,12.782869999999999,1.021273757520674,,,15.172281578947368,0.22114860913428125
14.671181018518519,0.3643344381209844,15.44949375,0.10390668652599093,12.782869999999999,1.021273757520674,,,15.172281578947368,0.22114860913428125
14.674742129629628,0.36451495448129617,15.44949375,0.10390668652599093,12.782869999999999,1.021273757520674,,,15.192523684210524,0.22133170140165992
14.679371759259258,0.3647737022616619,15.44949375,0.10390668652599093,12.782869999999999,1.021273757520674,,,15.21883947368421,0.22239455657490975
14.679371759259258,0.3647737022616619,15.44949375,0.10390668652599093,12.782869999999999,1.021273757520674,,,15.21883947368421,0.22239455657490975
14.693260925925927,0.3599625643663229,15.44949375,0.10390668652599093,12.832871,1.0108737244463657,,,15.21883947368421,0.22239455657490975
14.707149537037036,0.35229917408303907,15.44949375,0.10390668652599093,12.882869999999999,0.9872774903566073,,,15.21883947368421,0.22239455657490975
14.707149537037036,0.35229917408303907,15.44949375,0.10390668652599093,12.882869999999999,0.9872774903566073,,,15.21883947368421,0.22239455657490975
14.7156375,0.35071540625894765,15.44949375,0.10390668652599093,12.913426666666664,0.9871560452640898,,,15.21883947368421,0.22239455657490975
14.724125462962961,0.3487827557765836,15.44949375,0.10390668652599093,12.943983333333332,0.9853801044392533,,,15.21883947368421,0.22239455657490975
14.727211574074074,0.34818666767254935,15.44949375,0.10390668652599093,12.955093333333332,0.9852123397134549,,,15.21883947368421,0.22239455657490975
14.733734722222222,0.3455817244980234,15.44949375,0.10390668652599093,12.978576666666665,0.9786871968516861,,,15.21883947368421,0.22239455657490975
14.745730092592591,0.34230981223146983,15.44949375,0.10390668652599093,13.021759999999999,0.9736005679724372,,,15.21883947368421,0.22239455657490975
14.761933796296296,0.33858480706711286,15.44949375,0.10390668652599093,13.080093333333332,0.9697771907741912,,,15.21883947368421,0.22239455657490975
14.771329166666666,0.3360845144146188,15.44949375,0.10390668652599093,13.113916666666666,0.9659549139737564,,,15.21883947368421,0.22239455657490975
14.783230092592591,0.3341719671080595,15.44949375,0.10390668652599093,13.156759999999998,0.9666807375476072,,,15.21883947368421,0.22239455657490975
14.790174537037036,0.3340524170453172,15.44949375,0.10390668652599093,13.181759999999999,0.9714897149836013,,,15.21883947368421,0.22239455657490975
14.79922824074074,0.3341946847541491,15.458175,0.10069836310533428,13.188426666666665,0.972117730562904,,,15.245155263157892,0.22282485211634417
14.81373472222222,0.33247905497646024,,,13.240649999999999,0.9754391397289142,,,15.245155263157892,0.22282485211634417
14.829372685185184,0.3310983354920343,,,13.296946666666665,0.980813402594121,,,15.245155263157892,0.22282485211634417
14.839479166666665,0.3303014364877365,,,13.31176,0.9817286231734461,,,15.279213157894736,0.19163446164818265
14.842746759259258,0.33029525621449923,,,13.31176,0.9817286231734461,,,15.297786842105262,0.18229541200225655
14.847376388888888,0.32949903539241177,,,13.328426666666667,0.9815762324235295,,,15.297786842105262,0.18229541200225655
14.858186574074072,0.32825394084863196,,,13.35782,0.9828398044961462,,,15.312823684210526,0.16175046288569256
14.882429166666666,0.3269172931993464,,,13.421283333333331,0.9899893398874794,,,15.35041842105263,0.1252683378366819
14.882429166666666,0.3269172931993464,,,13.421283333333331,0.9899893398874794,,,15.35041842105263,0.1252683378366819
14.882429166666666,0.3269172931993464,,,13.421283333333331,0.9899893398874794,,,15.35041842105263,0.1252683378366819
14.882429166666666,0.3269172931993464,,,13.421283333333331,0.9899893398874794,,,15.35041842105263,0.1252683378366819
14.882429166666666,0.3269172931993464,,,13.421283333333331,0.9899893398874794,,,15.35041842105263,0.1252683378366819
14.882429166666666,0.3269172931993464,,,13.421283333333331,0.9899893398874794,,,15.35041842105263,0.1252683378366819
14.882429166666666,0.3269172931993464,,,13.421283333333331,0.9899893398874794,,,15.35041842105263,0.1252683378366819
14.891688425925926,0.3224672303129958,,,13.454616666666665,0.9772399604906341,,,15.35041842105263,0.1252683378366819
14.896318055555556,0.3206009090967473,,,13.471283333333332,0.9723950258235605,,,15.35041842105263,0.1252683378366819
14.896318055555556,0.3206009090967473,,,13.471283333333332,0.9723950258235605,,,15.35041842105263,0.1252683378366819
14.900947685185185,0.3189795041209105,,,13.48795,0.9685914069382153,,,15.35041842105263,0.1252683378366819
14.900947685185185,0.3189795041209105,,,13.48795,0.9685914069382153,,,15.35041842105263,0.1252683378366819
14.900947685185185,0.3189795041209105,,,13.48795,0.9685914069382153,,,15.35041842105263,0.1252683378366819
14.900947685185185,0.3189795041209105,,,13.48795,0.9685914069382153,,,15.35041842105263,0.1252683378366819
14.900947685185185,0.3189795041209105,,,13.48795,0.9685914069382153,,,15.35041842105263,0.1252683378366819
14.910206944444443,0.3122955372937503,,,13.521283333333333,0.946279798568973,,,15.35041842105263,0.1252683378366819
14.910206944444443,0.3122955372937503,,,13.521283333333333,0.946279798568973,,,15.35041842105263,0.1252683378366819
14.917922685185184,0.3100929906522705,,,13.549059999999999,0.9420660961309736,,,15.35041842105263,0.1252683378366819
14.917922685185184,0.3100929906522705,,,13.549059999999999,0.9420660961309736,,,15.35041842105263,0.1252683378366819
14.919466203703703,0.3097383157695304,,,13.554616666666666,0.9415862113250777,,,15.35041842105263,0.1252683378366819
14.923434722222222,0.30987175172516757,,,13.568903333333333,0.9447915587280162,,,15.35041842105263,0.1252683378366819
14.923434722222222,0.30987175172516757,,,13.568903333333333,0.9447915587280162,,,15.35041842105263,0.1252683378366819
