[control]player_id,playerStanding0.0,playerStanding1.0,playerStanding2.0,playerStanding3.0,playerStanding4.0,playerScore,playerSpeed,playerIsGrounded,playerIsMidAir,playerIsLooping,playerIsCrashing,playerIsOffRoad,playerGasPedal-1.0,playerGasPedal0.0,playerGasPedal1.0,playerSteering-1.0,playerSteering0.0,playerSteering1.0,playerLap0.0,playerLap1.0,playerDistanceToWayPoint,playerDeltaDistance,playerDeltaRotation,playerRespawn,visibleBotCount0.0,visibleBotCount1.0,visibleBotCount2.0,visibleBotCount3.0,botStanding,botScore,botSpeed,botIsGrounded,botIsLooping,botIsOffRoad,botIsCrashing,botGasPedal0.0,botGasPedal1.0,botSteering-1.0,botSteering0.0,botSteering1.0,botLap0.0,botLap1.0,botDistanceToWayPoint,botDeltaDistance,botDeltaRotation,botPlayerDistance,botRespawn,visibleLoopCount,playerStanding-0.0,playerLap2.0,botLap2.0,botGasPedal-1.0,playerSteering-0.0
018B0D8D-B5EC-09D6-90ED-550058EBFEAF,1,57,200,22,76,15.4,43.32986313,355,5,15,30,77,11,24,321,84,230,42,206,150,123.2799013,0.73839762,0.586647468,0,77,136,129,14,2.021290402,15,30.00243812,295,0,42,23,142,214,48,285,23,251,105,113.3324224,0.526182173,0.34226601,46.76444736,0,153,0,0,0,0,0
06F9F8CE-9696-23CA-25B5-000AA4A793BA,0,305,13,10,0,15.3333,47.69772463,326,8,18,23,20,2,18,308,74,217,37,172,156,126.9379155,0.962482492,0.774276659,0,193,30,76,29,1.181479128,0,16.90702457,144,2,11,14,215,113,27,285,16,320,8,61.91282957,0.348752778,0.277797218,32.25550698,0,169,0,0,0,0,0
0A221ADF-C99E-307E-7B65-92EF9DABA6C4,0,311,9,5,0,15.1875,47.81355791,324,7,14,19,41,0,36,289,59,235,31,161,164,122.2292606,0.781148645,0.534396628,0,234,19,57,15,0.785272677,0,11.96128938,100,1,5,15,249,76,18,291,16,324,1,39.67337508,0.199232421,0.144239917,24.87362098,0,159,0,0,0,0,0
0A76B59A-F1FF-F3F5-A3CA-2386FA8EF308,1,0,0,2,476,15.4286,34.88821741,477,7,13,33,141,13,25,441,78,319,82,275,204,107.3168865,0.697454604,0.639458881,0,421,43,5,10,0.348754399,0,4.651219257,63,0,0,3,433,46,9,459,11,479,0,16.8242252,0.094130986,0.075533637,4.301534029,0,188,0,0,0,0,0
0AD33010-1AC1-E9FB-2FD4-313E3DF4692D,0,0,37,78,295,15.5882,41.90931665,383,35,45,26,50,1,56,354,96,256,59,236,174,115.1458905,0.657503007,0.608953431,1,264,39,74,34,0.881750572,0,16.28069723,156,12,8,13,277,134,27,372,12,408,3,43.45172019,0.255669228,0.270017922,13.49247384,0,196,1,1,0,0,0
0B5863F1-A482-C95D-EA42-9183B5BDFA12,0,258,79,23,0,15.3333,43.18982748,358,7,20,42,65,1,24,335,67,253,40,177,183,120.9420278,0.689284456,0.579932515,0,103,90,105,62,1.904520083,15.3333,30.86650494,274,4,24,27,118,242,33,304,23,228,130,101.9148528,0.505255382,0.35191118,39.29518736,0,192,0,0,2,0,0
0D759376-3F10-1BEB-7205-E91B8BF17984,1,262,27,11,17,15.3571,49.34251087,316,4,12,18,10,0,45,273,67,213,38,165,153,120.2388657,0.814576785,0.616486724,0,206,38,67,7,0.89150628,0,15.43002509,122,3,4,9,219,99,20,286,12,318,0,50.12583302,0.265320034,0.227316118,21.00138764,0,152,0,0,0,0,0
14027B3A-0AD6-CBA3-A600-42B3C0A4D933,0,3,3,44,366,15.4,41.80267476,413,11,19,33,91,3,16,397,95,268,53,246,170,117.5389846,1.135604019,1.09740711,1,291,53,57,15,0.745444856,0,13.02215531,135,2,4,18,309,107,27,377,12,415,1,38.09333365,0.360552642,0.254128531,15.65017555,0,224,0,0,0,0,0
165B40B2-D9B2-DBC0-AE48-02C0F49A609F,0,18,33,134,178,15.3333,42.68702006,360,8,17,22,89,0,35,328,79,235,49,201,162,117.6473253,1.661422827,1.386199834,0,77,148,105,33,2.319716474,15.3333,33.88125686,308,10,9,7,116,246,38,300,25,203,160,103.0373352,1.340069824,0.931909564,50.30113375,0,192,0,0,0,1,0
172A62AD-9B69-33E2-1551-9526879D80AC,1,35,16,216,78,15,45.62914268,343,9,14,26,54,2,26,318,80,217,49,187,159,119.5233237,0.785605975,0.712676113,0,33,88,143,82,2.174913893,15,37.40747204,323,4,19,10,78,268,52,278,16,200,146,118.8672153,0.650862554,0.456602215,48.96935835,0,171,0,0,0,0,0
1AE03BA6-E346-DEB8-4865-276ECC5CD9B1,0,1,48,31,400,15,42.50496386,474,15,22,42,92,9,35,436,79,337,64,296,184,164.5459023,0.753040707,0.566827375,1,302,71,73,34,0.930116598,0,15.79419858,194,3,15,5,324,156,35,432,13,461,19,50.06970583,0.258865947,0.184433682,21.25772583,0,260,0,0,0,0,0
1F6A56CA-9C73-442F-2682-BB69E4B03AB2,1,289,19,6,0,15.3684,48.7482245,315,3,13,22,36,0,26,289,76,191,48,166,149,120.2652266,0.610090225,0.485809424,0,214,42,42,17,0.914937492,0,13.79406278,111,2,12,15,224,91,15,284,16,315,0,53.1476254,0.176256287,0.135409685,26.90457705,0,162,0,0,0,0,0
243FE25F-E451-21F6-7EFA-F9DACC7D31CA,0,13,12,40,308,15,42.02677096,372,3,13,24,108,4,13,356,70,259,44,194,179,118.759353,2.66818933,2.03134278,0,142,60,124,47,1.616590965,15.4444,28.61554818,254,6,3,13,165,208,45,313,15,268,98,77.77616354,1.847229584,1.144352766,46.46476247,0,181,0,0,7,0,0
2656C6B4-988A-A958-5107-5422027AEE1D,1,29,20,69,333,15.2778,41.0831445,448,22,19,40,87,0,51,401,72,341,39,193,259,134.8634672,0.70611616,0.440474639,2,187,59,109,97,1.424342146,0,24.74794357,278,9,23,15,214,238,43,398,11,358,94,75.32555042,0.39528675,0.292026028,31.53248077,0,227,0,0,0,0,0
2C636222-CB43-AB6F-444A-7278047991C7,1,216,109,12,3,15.7857,45.74518554,332,11,23,24,12,3,47,291,72,236,33,176,164,116.8578662,0.785877559,0.56651254,0,140,72,90,39,1.357760771,14.65,24.83958687,209,3,17,15,168,173,35,296,10,307,34,83.20116786,0.433448556,0.383216547,34.4478915,0,172,0,1,0,0,0
35FEE4B0-EF25-110F-8D86-5410FA57646B,0,300,17,5,0,15.7692,47.85451733,320,7,13,20,50,1,32,289,63,224,35,166,155,118.5596414,1.014029508,0.730658849,0,204,32,50,36,1.080591983,0,16.68463035,134,3,11,8,213,109,21,287,14,307,15,56.25782826,0.356701657,0.306525822,36.11155146,0,154,0,1,0,0,0
37249306-1597-DC6D-3544-6FEDBBF8B848,0,133,88,24,113,15.9091,44.43540991,352,15,13,30,50,0,29,329,74,240,44,173,184,138.1489751,1.113526034,0.915130425,1,64,92,121,81,2.041176436,15,35.54283363,301,15,9,20,101,257,42,294,22,228,130,113.121407,0.909813314,0.603564848,31.56616631,0,153,0,1,0,0,0
3FC0B5B3-AC42-BF96-D8EE-10E81EAAACF6,0,285,1,3,26,15.1429,49.7843985,314,3,14,17,31,0,25,290,67,0,31,165,150,119.1999876,0.850374742,0.59440627,0,208,33,52,22,0.907579102,0,14.26401371,115,2,13,14,225,90,17,283,15,315,0,50.25724095,0.25709317,0.179049472,26.98109749,0,149,0,0,0,0,217
4690C2DC-C0B5-6C1B-880A-D31C46C8A565,0,16,146,180,6,15.0667,44.57368948,346,8,16,40,50,0,4,344,73,232,43,185,163,129.3841583,0.749072517,0.59254291,0,21,110,181,36,2.01509,15.0811,39.74630187,334,14,31,30,73,275,55,269,24,190,158,128.9879468,0.6780032,0.522208799,41.7155519,0,153,0,0,0,0,0
46A9A47E-EDE3-2EF4-2F06-E95AF67D57E1,0,184,70,13,61,15.7059,47.19130372,328,5,16,24,18,3,38,288,82,200,47,176,152,117.4615948,0.67926432,0.585893187,0,140,60,89,40,1.464502508,0,25.67817718,200,10,14,23,168,161,35,268,26,303,26,77.00793881,0.373902396,0.328146833,29.08983793,0,159,1,1,0,0,0
47494449-E68E-E554-8BB1-ECEEE432E269,0,269,33,5,0,15.375,51.80235283,303,8,14,19,38,0,1,306,69,198,40,161,146,125.4872351,0.844427623,0.659180054,0,219,25,33,30,0.762443583,0,11.89204664,92,0,6,11,225,82,7,291,9,307,0,47.55272899,0.199460917,0.117998251,21.19145779,0,153,0,0,0,0,0
48847236-6E23-6E61-57CD-780C68FAA2C2,0,0,6,81,294,15.4444,41.9268494,356,46,23,30,55,0,3,378,70,0,44,203,178,140.4668682,1.43758755,1.096756044,3,128,139,72,42,1.881578488,16,28.94969383,270,10,10,9,175,206,37,314,30,230,134,75.55328058,0.959928017,0.730695903,64.16940785,0,196,0,0,17,0,267
48D32E40-ABB9-E3FB-185C-8A5AA0C44CBF,1,0,0,18,460,14,33.73440125,467,28,14,18,179,16,61,402,106,321,52,208,271,165.9444401,2.288786171,2.189586064,3,408,14,43,14,0.320150104,0,6.143354649,77,0,0,3,427,52,18,451,10,459,13,15.98113106,0.408045941,0.300030443,16.33036221,0,199,0,0,7,0,0
4B423110-8A54-A87F-39BB-D68BF033C7FC,0,1,0,2,477,14,35.51535368,447,43,87,25,85,27,55,398,85,335,60,290,190,109.1972792,0.641851845,0.589100391,1,438,14,21,7,0.225221247,0,3.218581063,46,0,0,6,455,25,13,460,7,480,0,9.325237292,0.058538577,0.063252689,7.502886875,0,235,0,0,0,0,0
4BD5749B-A1D2-E6C9-156F-DF107802D3BE,0,264,24,19,51,15.4615,43.90001842,355,9,15,35,77,2,25,331,66,0,40,172,186,122.9439678,0.880949118,0.69470557,0,111,87,110,50,1.921042587,15,30.08509966,268,7,19,33,139,218,41,292,25,227,131,109.2071784,0.609003381,0.459530796,45.81614419,0,177,0,0,0,1,252
4CAE9D77-C8A8-2EE8-53D0-7C3C6331B2C5,0,0,12,266,96,15.2,41.90642527,374,2,15,27,65,2,36,336,66,265,43,205,169,123.7939517,2.157631536,1.658009394,0,153,134,70,17,1.843355535,15,25.18830318,237,6,8,10,190,184,31,315,28,266,99,79.34608529,1.30183388,0.806515622,56.02988003,0,169,0,0,9,0,0
5270C847-54C3-180E-9737-1D87A639C450,0,0,1,1,478,6,17.77648415,345,145,44,17,45,6,251,223,106,0,57,480,0,101.7490771,0.515189541,0.677826414,4,458,7,6,9,0.122487921,0,2.442162229,27,5,0,7,458,22,2,477,1,469,10,6.598914375,0.056145838,0.032335646,3.898223333,0,235,0,0,1,0,317
5690E95B-9747-B2B5-2EE1-16A72200D5CC,0,2,71,225,82,15.3333,42.08559195,379,8,15,34,93,1,6,374,79,262,40,184,197,119.9304051,0.717228742,0.569757206,0,55,119,134,73,2.227781924,16,35.39832925,335,7,20,24,97,284,46,315,20,211,161,114.0883765,0.610470014,0.387944963,49.12667575,0,189,1,0,9,0,0
58CB3C5E-2F5C-31FE-83E8-C6772D99B8D5,0,186,26,73,65,15.7778,45.87458274,348,7,14,23,41,0,44,306,72,232,46,181,168,124.5833171,1.53078685,1.28744575,0,100,55,123,72,1.825906783,15,31.15823366,262,16,8,24,129,221,31,295,24,265,85,98.46662943,1.046492759,0.698796196,37.76060417,0,175,0,1,0,0,0
5CD23052-9069-615B-22B2-CB8E9A2413C9,0,194,23,50,86,15.4286,45.2908796,352,6,16,35,60,0,22,331,74,234,45,178,175,120.1535915,0.846820902,0.720366961,0,82,76,117,78,2.094979717,15,33.42499994,290,9,20,24,105,248,44,283,26,238,115,108.4737299,0.632383756,0.46517169,32.66475975,0,181,0,0,0,0,0
5E491E0A-C580-29BE-4329-ED7BFF843D0D,1,0,0,2,477,12,28.55944597,479,4,10,43,179,0,157,323,88,321,71,287,193,114.8896331,0.396120062,0.387227732,0,397,14,37,32,0.370370402,20,7.095844265,91,0,1,9,406,74,15,459,6,427,0,27.66815248,0.102401938,0.056014266,10.37980444,0,183,0,0,53,0,0
5F222604-CB86-1ABA-EB7B-31FF78B7BE93,0,0,0,2,451,15.8,35.86698859,454,5,18,11,111,0,112,342,78,330,46,239,214,122.1213015,2.441931846,1.998422287,0,417,10,19,8,0.190874053,0,2.861347013,38,0,0,3,433,21,12,437,5,454,0,8.037205727,0.190602511,0.188079944,8.069798238,0,207,1,1,0,0,0
62A1F053-1EA8-7433-090E-89D450314F41,0,0,1,132,268,15,40.1192241,400,6,20,37,90,8,9,384,81,280,40,197,204,118.3840695,0.699135231,0.587732633,0,120,191,56,34,2.016109476,0,31.00607234,301,10,13,20,162,239,50,327,24,259,131,92.86785756,0.548337993,0.356716566,48.60289479,0,201,0,0,11,0,0
647C581E-E72F-0765-F94A-065909B99374,0,0,0,2,476,12,28.93440687,478,2,6,17,175,32,88,358,142,274,62,264,214,136.5590207,1.795728365,2.036760746,0,382,24,49,23,0.420119477,0,8.684613682,102,2,5,4,397,81,22,443,13,398,11,22.71667929,0.551545063,0.522076494,14.56322594,0,210,0,0,69,0,0
64A0EC69-0CE2-8405-0FFC-D63A7F55E703,0,0,3,14,463,15,34.54145849,455,33,24,34,134,12,67,401,109,310,61,202,278,114.9838638,1.36437547,1.324095083,1,293,75,81,31,0.982115729,0,16.17337925,197,12,2,12,327,153,52,416,12,367,113,44.41351458,0.624037356,0.515595691,37.4731156,0,277,0,0,0,0,0
66E9719B-D383-AA87-7FAB-D9B4ABE7011C,0,47,107,165,35,15.8,44.90316294,354,3,17,37,31,0,23,331,82,220,52,199,154,121.2755664,1.322043218,1.256442359,0,62,136,131,25,2.134704746,15,36.71987458,319,10,15,21,89,263,56,279,19,211,143,111.175091,1.107135579,0.762726928,45.04809463,0,165,0,1,0,2,0
68339CF4-6AFB-7EFB-40EA-238612F8E5A4,0,8,14,60,331,15.66665,38.87783552,395,21,27,15,91,8,25,380,84,293,36,214,198,109.6508495,3.117623736,2.407876771,0,222,94,74,23,1.274185666,0,20.3903753,201,7,5,13,260,153,34,363,16,374,39,58.45067833,1.698840735,1.239819296,34.22864383,0,216,0,1,0,0,0
6B690AF9-8440-1C43-B353-FA85266AA12C,0,99,33,141,86,15,44.30719437,358,7,16,42,59,2,6,351,66,0,40,190,169,123.7631565,0.749377542,0.620358696,0,61,133,120,45,1.985874159,15,36.19514646,311,16,25,18,86,272,44,297,18,213,146,112.1217387,0.619216792,0.423191979,40.06334114,0,185,0,0,0,1,253
6C9454F6-2AA4-4C25-0387-C6CA7AFC4C13,0,252,50,46,5,15.7273,44.53079578,353,4,12,32,77,0,5,348,84,213,56,193,159,123.4356648,0.937464176,0.842590413,0,143,80,106,24,1.483010388,14.5,23.97081986,227,0,43,17,183,170,46,288,19,292,61,86.42485354,0.509529692,0.385320143,38.59853195,0,178,0,1,0,0,0
6E42D32E-048C-D829-197E-7950E78F58CB,0,0,0,3,406,15.5,40.24526965,407,5,14,16,114,0,33,376,91,268,50,244,163,117.7288123,2.425156406,2.304937528,0,369,17,14,9,0.274377017,0,4.44119154,46,1,0,1,380,29,13,387,9,394,4,10.68152738,0.271350323,0.278463077,15.07894401,0,183,0,2,11,0,0
70432028-81AF-D67A-251E-D2F807AB93CF,0,0,0,3,416,15,39.00689611,416,7,15,15,106,1,36,382,104,0,71,223,196,121.5377515,1.736169204,1.843173678,0,374,17,22,6,0.301527685,0,4.236416253,51,0,0,5,390,29,15,394,10,416,3,10.98564776,0.19476336,0.216202792,12.18784463,0,196,0,0,0,0,244
718078D1-70DB-2916-366D-1119A22DCD7F,0,0,1,13,466,9,25.89880419,467,20,30,32,166,14,125,341,125,257,98,440,40,118.4882854,0.793423646,1.013040731,1,425,29,15,11,0.286439863,0,4.789134833,62,3,0,3,435,45,14,462,4,461,19,12.09997417,0.145427747,0.126930663,6.592390563,0,262,0,0,0,0,0
72B642AD-2D4A-574F-05EC-EC93C0C52335,0,0,21,24,375,15.3333,38.77030213,410,12,42,18,102,10,16,394,80,284,56,191,229,114.8434671,1.442961017,1.276053362,0,173,74,111,62,1.434024381,0,24.62422936,259,9,7,18,206,214,46,356,18,296,124,72.31181262,0.931907087,0.699439509,37.48516931,0,208,0,0,0,0,0
7417E7AB-C723-0958-F8EE-DDA4DED65165,0,274,24,34,0,15.75,46.77375033,331,5,12,27,79,0,1,331,73,217,42,169,162,121.3945796,0.75727317,0.640238742,0,171,56,84,21,1.257466145,14.5625,21.66024768,176,2,21,12,187,145,25,286,21,303,29,70.76569889,0.357588144,0.3080802,41.43780512,0,173,0,1,0,0,0
761D024F-3C62-5326-601A-88D436C7726A,0,167,9,13,153,15.1,45.91343372,341,5,16,15,63,0,32,310,65,239,38,182,160,121.6907114,1.24278914,1.00183132,0,136,43,115,48,1.531196839,15,25.90117906,221,3,5,15,167,175,40,271,31,279,63,78.70229763,0.723049932,0.50928397,40.8859783,0,172,0,0,0,0,0
772BA0E9-AC30-CEA6-AA1B-18A0300702AA,1,308,2,10,0,15.7059,48.80820574,321,1,16,16,34,0,16,305,76,201,44,159,161,115.1942966,0.720329921,0.598816969,0,254,19,37,11,0.577863935,0,9.268606819,78,0,7,13,260,61,17,294,10,316,5,27.9752462,0.139297329,0.128974575,24.54810963,0,171,0,1,0,0,0
7B8B31F4-FFC3-7A4E-3EAF-78D5CA8ACB61,0,228,16,11,87,15.5714,45.9927966,341,6,13,23,47,0,40,303,73,239,31,177,165,121.2189478,0.829759202,0.6329548,0,158,50,73,62,1.440919487,15,23.29417283,195,3,11,23,185,158,45,281,17,314,29,74.18762274,0.435483283,0.34860435,33.34883362,0,178,1,1,0,0,0
7DC9729F-BA27-3831-6078-F8508766396A,0,1,15,146,275,15.3846,37.65117512,436,5,19,42,138,15,26,396,94,254,89,191,246,109.3018183,0.945068892,0.940173382,0,191,70,121,55,1.325478993,0,22.92478183,254,10,16,18,224,213,33,385,19,360,77,73.28173707,0.622974018,0.421952593,25.18491467,0,179,0,0,0,0,0
7FB7C50A-30EA-A991-0C04-7FFA681B8803,0,0,1,1,457,15.2857,38.8026348,443,26,21,16,131,4,69,386,89,307,63,208,251,118.9584551,1.631291569,1.509621356,1,388,16,34,21,0.410506492,0,6.54663878,80,0,0,1,408,51,19,426,14,444,15,17.12233325,0.274899076,0.25852726,20.15108475,0,204,0,0,0,0,0
85748DC9-A6DA-334D-6422-BF69EE06A98C,1,186,66,28,87,15.8667,42.51762528,366,6,16,34,55,0,71,297,76,236,56,181,186,128.5908707,0.749771637,0.653280558,0,75,81,135,77,2.112721568,15.0333,35.02982347,314,6,29,19,101,267,39,306,23,215,153,113.6506647,0.618684257,0.416000975,31.57806875,0,180,0,1,0,0,0
8690E8B6-9B41-5F0E-C518-8F2D028C6690,0,270,22,26,18,15.5714,46.58120003,334,5,15,16,34,1,41,294,88,202,46,165,170,121.6857652,0.757307769,0.682103416,0,182,55,65,34,1.114663295,15,18.9766714,163,1,13,15,201,135,37,281,18,308,28,63.9741839,0.318025716,0.26122131,36.21359131,0,150,0,1,0,0,0
8DD09016-F898-915E-4A5C-727F57619D73,0,302,10,29,10,15.7778,45.90401859,349,7,12,19,35,1,42,308,76,228,47,171,179,124.1206037,1.365092473,1.125967553,0,152,56,95,48,1.558490852,15,23.80787313,212,3,9,25,187,164,37,287,27,274,77,87.02844832,0.71444576,0.510612446,44.85495954,0,165,0,1,0,0,0
9268F759-54B0-96CC-C0F5-9D8DBAA12073,1,0,0,2,477,11,24.02042742,478,8,9,14,176,5,148,327,117,322,41,366,114,175.9111396,1.557379906,1.528182525,1,348,65,50,17,0.620212146,0,11.94768504,147,2,13,4,373,107,28,438,14,369,49,36.45072021,0.747484162,0.771912646,26.92483104,0,189,0,0,62,0,0
96B78431-4166-E4D3-2AA2-15BE2512E1D6,0,14,7,99,280,15.6154,41.06366363,375,31,55,36,64,0,37,363,97,240,63,225,174,106.8167432,0.840236073,0.857797074,0,236,104,44,16,1.214190597,0,18.2984868,179,6,7,14,258,142,32,350,18,377,13,54.24584967,0.385970656,0.286700702,36.29877128,0,158,0,1,10,0,0
99827717-1B21-7ECC-CAD1-99489F7E19EA,1,11,62,69,241,15.1818,42.58942876,384,5,18,49,77,2,23,359,90,250,44,191,193,119.1378937,0.993941341,0.903587635,0,57,106,177,44,2.025015138,16,35.79515408,338,14,18,29,99,285,65,292,27,232,146,102.223994,0.835658817,0.587079637,39.91624914,0,173,0,0,6,0,0
99C0C5AE-01AD-1BB2-A36B-74B166CB26BA,0,0,0,2,477,14,29.48528386,479,3,11,9,115,0,177,302,62,389,28,320,159,121.5941949,1.841610609,1.394144785,0,445,15,8,11,0.13648382,0,3.81863666,36,5,2,1,454,25,6,463,10,459,14,10.64588205,0.257618752,0.24000639,15.65966472,0,191,0,0,6,0,0
9A80CFF4-085D-6435-BA08-18E6496A8381,0,187,13,19,128,15.8,45.64209517,346,3,14,14,47,0,41,306,60,250,37,183,163,126.1138961,1.229688002,0.887960475,0,81,75,116,75,1.969130461,15,32.11429504,276,7,38,19,105,242,35,278,34,249,98,108.8135991,0.883903049,0.696242911,48.20412115,0,172,0,1,0,0,0
9C694EBE-9421-F45A-ED92-F521991A6A52,0,8,12,108,324,15.5,39.36635106,429,31,26,30,99,0,7,445,102,275,75,249,202,118.9609183,2.806146149,2.957388706,2,312,63,56,21,0.834965199,0,12.92892392,149,4,10,9,336,116,25,412,15,452,0,43.72139469,0.907623546,0.602993456,12.25526007,0,202,0,1,0,0,0
9E6EBCE2-44FB-8F07-4135-E91140B34096,1,270,15,42,66,15.1111,43.01334279,378,24,22,31,59,0,54,340,81,266,47,178,216,120.4137957,0.595771006,0.496331405,1,151,86,115,42,1.570649373,0,26.38893876,263,3,18,23,180,214,42,333,19,277,103,91.73228629,0.363811584,0.283312337,47.38100264,0,198,0,0,14,0,0
A135AF2A-692D-9C83-AB54-34F977E4D14D,0,0,7,23,387,15.5,39.81793106,381,47,17,24,87,0,79,338,80,282,55,189,227,145.4735312,1.181138427,1.019375456,1,221,75,86,35,1.252952367,0,21.06074436,224,4,8,14,247,170,50,346,21,332,83,58.71388619,0.601441102,0.491006226,37.08530568,0,216,0,1,2,0,0
A43E8D46-F136-DB41-3E16-F9F161DBA1D6,0,0,0,29,414,15.1667,39.34816345,439,14,22,19,118,0,57,386,84,304,55,211,232,118.3701594,1.734864089,1.549983809,1,370,12,39,22,0.459613093,0,6.469774898,83,2,9,6,379,64,16,416,11,409,24,18.02794695,0.267087131,0.20976897,26.92102334,0,224,0,0,10,0,0
AB9921A8-F143-E101-6A47-E66882F571B2,0,145,98,10,89,15.2857,45.13244482,340,6,16,17,50,0,51,291,69,236,37,181,161,120.1023119,0.851858447,0.686109571,0,64,91,126,61,1.933519977,15,35.56896351,286,14,18,23,100,242,42,275,25,231,111,107.0220114,0.683957174,0.51645432,36.44876629,0,163,0,0,0,0,0
B06410CC-D778-33B2-B1FD-A828EE4AF413,0,0,1,2,478,11,26.88950375,472,29,8,29,198,0,122,359,142,262,77,282,199,110.2398884,2.494662532,3.255835721,4,394,46,34,7,0.410786085,0,4.245641488,90,0,6,2,425,55,25,442,14,422,0,15.40570474,0.359111158,0.503025213,9.31690264,1,190,0,0,59,1,0
B17DF37B-207D-A052-4D45-F862B3BF4C4C,0,208,54,26,44,15.625,47.18628809,328,8,14,12,35,0,28,304,76,216,40,176,155,120.1799258,1.849783041,1.564688961,0,136,55,94,47,1.480833506,14,25.35731551,205,2,6,13,170,162,38,276,18,294,38,81.77652509,0.990722795,0.732217582,37.1642337,0,168,0,1,0,0,0
B2EE7EC5-4E5B-EBDD-E0EB-AF758B95C36A,1,0,0,18,375,15.5,42.64352227,394,2,12,26,92,0,23,371,77,261,56,215,178,125.5888513,0.658936768,0.538711404,0,286,46,39,23,0.718836302,0,11.91070612,121,4,3,11,307,87,22,356,16,370,15,32.16080939,0.190937509,0.198206663,37.31658426,0,183,0,1,9,0,0
B3CE5256-6F65-85EB-0078-689BD5CC1B17,0,1,4,191,188,15,41.79901801,366,28,19,16,65,0,48,336,75,266,43,205,179,128.1030671,2.585288111,2.071069442,2,71,145,109,59,2.357056224,15,33.06919228,323,10,12,21,139,245,61,287,36,241,136,93.54861745,2.079285941,1.566859456,53.93737799,0,188,0,0,7,0,0
B6EE5F90-8F59-D3CF-C449-59216B28207B,0,18,29,77,276,15.2,40.37417774,399,7,21,20,115,7,19,374,85,259,56,193,207,121.37006,2.169366285,1.993671048,0,136,94,116,54,1.630080918,0,27.5865915,279,10,20,20,186,214,47,331,22,279,105,82.69703225,1.505859516,1.127957723,42.13129745,0,162,0,0,16,0,0
B9FD0C60-33D3-E99E-2475-815EAD5C89C2,0,0,0,2,426,15.4286,39.7066981,428,2,14,14,143,12,24,392,94,261,73,196,232,114.198047,1.71434757,1.629108349,0,294,44,62,28,0.867898224,0,14.20047131,153,4,4,4,314,114,36,376,16,367,61,34.16194984,0.627175047,0.505589501,42.84304696,0,195,0,0,0,0,0
BAAA2876-D490-2AB5-0A98-6EB94C7FC331,0,1,0,30,376,15.6,39.92728926,407,4,21,41,109,0,10,397,114,213,80,200,206,132.2918056,0.591704786,0.66114581,0,214,87,71,35,1.274262289,0,20.42933189,208,4,5,10,244,163,35,356,16,341,57,58.53494644,0.31125829,0.21344397,44.89054683,0,221,0,1,9,0,0
BC7EE230-0AF9-3AC5-24E5-8EC4B0B432A8,0,33,12,32,403,14,34.26210356,452,49,35,35,107,0,97,383,90,330,60,321,159,129.0417389,1.210618867,1.10415189,3,411,18,29,22,0.40664475,0,5.783743437,79,0,1,13,421,59,18,452,10,476,0,18.24124771,0.176107821,0.14572848,5.252260104,0,253,0,0,4,0,0
C24A665A-6B67-FDEA-04A4-C2DA3AF79D51,1,0,0,2,388,15.5,39.93148681,391,4,17,14,45,0,99,292,82,256,53,222,168,125.2098546,0.783282205,0.690654779,0,316,27,26,22,0.520493077,0,7.841315852,83,0,1,4,342,49,24,351,16,366,12,21.849179,0.15206837,0.167197334,32.22378696,0,191,0,1,13,0,0
C8BB6C15-19FA-A17A-5945-6202803016D7,1,3,11,3,462,14,33.95303807,469,31,62,43,114,4,61,415,110,302,68,222,258,106.2561931,0.569630763,0.553609181,3,370,36,47,27,0.531498458,0,9.692738229,116,9,0,21,394,86,23,448,9,474,6,26.35106419,0.162456724,0.148909619,18.4717635,0,225,0,0,0,0,0
CCA3ABC5-DCCE-0BBE-5327-E65AE52A195D,0,0,0,2,477,12,28.24768028,469,21,60,20,126,8,109,363,82,324,74,318,162,107.2278929,1.246409794,1.235210095,1,385,30,43,22,0.443592354,0,7.085682406,98,0,0,10,404,76,25,444,11,438,1,24.83195917,0.307451212,0.234824529,12.73991398,0,203,1,0,41,0,0
CD5833CD-93D3-318C-371A-18A32DEFC38B,0,270,39,5,0,15.2222,49.08294306,313,3,12,16,43,0,11,303,68,216,30,161,153,123.5200884,1.31947275,1.021645378,0,202,35,46,31,0.884506911,0,14.46664752,113,0,10,10,221,93,16,287,11,314,0,47.80367994,0.393726225,0.32612821,27.23934191,0,157,0,0,0,0,0
D51A5648-0039-8CB1-45CB-C51E5ABA8BCC,1,291,10,9,0,15.9231,50.24639883,310,3,12,25,35,0,1,310,65,206,40,157,153,123.5348772,0.997230832,0.791539232,0,238,22,24,27,0.706494537,0,10.77272751,84,0,4,7,239,72,9,290,12,311,0,34.6224791,0.220607763,0.172152515,23.60090698,0,163,0,1,0,0,0
D57F474B-B38C-E9AF-73CC-2CF16EED3827,1,0,0,2,476,15,34.96287262,462,29,24,25,83,4,117,358,64,375,40,298,181,120.9172578,0.715801773,0.55182815,3,449,2,21,7,0.164766474,0,2.747322764,36,1,0,7,455,24,7,467,5,479,0,7.265928601,0.058484702,0.132151451,5.545273069,0,255,0,0,0,0,0
D6D11A63-A131-4E74-041D-6E3BD8EFF8FF,0,0,9,17,360,15.9412,41.07511516,381,16,15,27,91,0,40,347,69,288,30,219,167,113.4937157,0.605476987,0.404399822,1,290,33,39,25,0.59893069,0,10.40811101,107,0,4,3,311,76,16,354,17,362,10,30.58898605,0.154223848,0.145373947,29.33263388,0,172,1,1,15,0,0
D8D27F81-4F83-E10A-448A-735447867552,0,0,21,32,311,15.3333,42.38971173,362,7,19,11,84,0,44,321,74,248,43,193,172,117.7544016,2.068533382,1.769023349,0,68,89,148,60,2.006067351,15.1875,34.96896948,311,14,9,15,111,254,45,291,29,203,162,102.2809359,1.724017402,1.185259939,50.34119732,0,192,1,0,0,0,0
DA2856BC-D181-9AF0-DC9A-99A9444D5579,0,288,3,11,0,15.7857,52.07398896,302,6,12,16,14,0,9,294,72,0,44,155,146,121.618194,0.963958099,0.819180357,0,234,48,17,4,0.571316842,0,9.875171228,80,0,7,10,252,51,24,270,9,303,0,32.69616502,0.178933147,0.186492273,24.54081327,0,153,1,2,0,0,187
DBA0C8C4-AE05-772F-2E53-E6167F8ACB77,0,48,45,49,222,15.4167,43.89051907,359,17,16,48,80,0,9,355,86,235,43,198,166,132.9172492,0.934809995,0.821983058,1,111,86,120,47,1.886487519,15,31.47845912,276,11,8,49,140,224,46,295,23,208,156,92.14996313,0.668701617,0.439994885,35.25822407,0,185,0,0,0,0,0
DC0BE0E2-B41E-3D73-47C5-5733952512CB,1,9,12,75,357,15.9,36.12660406,454,4,15,29,113,12,77,365,130,215,109,236,216,114.6912798,0.863937477,1.139144868,0,316,104,24,10,0.946044231,0,12.83321181,157,0,13,8,331,123,22,412,20,445,9,45.21635394,0.308092167,0.224010748,20.03538637,0,240,0,2,0,0,0
DCB45A10-FAF5-53E0-AB53-2D42AC9BB090,0,188,97,27,8,15.4,48.59374922,320,4,14,27,45,1,5,315,75,203,43,173,148,120.4784272,0.63258549,0.521713513,0,145,96,52,28,1.265673383,0,21.10719447,180,2,26,11,175,146,28,274,19,304,17,73.08474268,0.278624292,0.26128839,32.80683592,0,165,1,0,0,0,0
DD956DE9-DEFB-C0C6-82B4-C639A17D6782,0,184,80,22,46,15.9091,46.87789024,332,4,12,33,47,0,17,315,77,222,33,182,149,131.3308913,1.231583205,0.952761936,0,130,65,68,69,1.503215087,14,26.71217617,217,9,7,28,165,167,49,262,21,291,41,82.35187313,0.712694212,0.548077418,28.3938762,0,161,0,1,0,0,0
DE775A65-68D5-C477-E2F7-BCC1AEF0B850,0,1,0,151,283,15,38.97398721,421,37,16,30,75,2,56,377,81,303,51,196,239,127.0054162,1.603685088,1.291651078,6,178,113,81,63,1.606896761,0,23.20283802,264,1,16,7,211,224,45,363,27,352,83,71.59529425,0.901222135,0.671841531,36.26424191,0,229,0,0,0,0,0
DF62EF03-DA30-E70A-CA31-03A029C9610A,1,252,37,22,4,15.8,48.69266566,315,5,14,24,28,0,40,276,65,217,34,168,147,122.0418672,0.807336939,0.613966044,0,186,20,85,25,1.088534494,0,16.6777357,135,2,8,18,206,110,13,291,12,316,0,58.49700633,0.280644338,0.191680378,20.33796604,0,152,0,1,0,0,0
E3489F9E-39E2-47B9-24EF-BAACE1438D00,0,0,1,9,408,15.3333,38.83731266,418,5,18,25,128,0,66,352,85,286,47,220,198,112.2790249,1.703107897,1.387899105,0,352,23,24,19,0.440835478,0,6.672031172,79,0,1,2,363,55,20,389,9,411,7,19.07764139,0.299609014,0.302389761,18.39493254,0,206,0,0,0,0,0
E49C1269-8AB7-8C8F-FC88-AA92C2F1E260,1,235,57,50,1,15.9167,44.8811318,344,1,12,34,30,0,45,299,72,0,39,180,163,119.489194,0.923064308,0.778636214,0,101,52,112,79,2.02705602,15,31.06104056,263,2,24,15,122,222,37,280,27,243,101,102.0631594,0.638091927,0.471871644,42.7131427,0,176,0,1,0,0,233
E5F96AC5-AE7E-C4E8-8288-FB2674F43704,1,241,43,54,0,15.5,46.3013771,334,14,15,38,45,0,5,334,62,242,35,171,167,142.1442325,0.728485359,0.521730657,1,183,36,103,17,1.181064357,15,19.82256548,166,3,31,20,202,135,25,298,16,315,24,70.49805162,0.314725698,0.24222935,31.90524478,0,175,0,1,0,2,0
EA788550-E907-E4AC-EAE4-82CC26723E3B,0,1,0,18,460,15,34.05033216,477,9,17,17,149,0,89,390,115,290,74,239,240,118.4020419,2.193280103,2.496527866,2,375,89,9,6,0.662570856,0,7.661418038,113,0,18,1,405,70,32,429,18,473,6,22.0460086,0.513018474,0.567576593,18.54855474,0,239,0,0,0,4,0
EE62AFCD-B47D-E676-0257-21F92CB612D8,1,0,2,68,300,15.5,43.91151322,370,5,15,35,68,2,20,349,88,220,63,195,175,118.3422549,0.964089857,0.950917305,0,47,85,165,74,2.021957798,16,37.17808737,331,17,21,25,85,286,41,316,14,219,147,103.5536488,0.824508937,0.655479511,44.25841394,0,173,0,1,5,0,0
F1430977-52AF-4F46-BF92-0A8D736CBD2B,0,0,1,2,476,6,24.76615119,453,29,30,7,140,14,166,299,67,0,69,479,0,151.5690476,1.831904589,1.920925082,1,377,43,42,17,0.3977992,0,10.2027666,116,7,0,7,392,87,20,450,9,404,75,31.89655772,0.71036388,0.704173128,17.37902775,0,155,0,0,0,0,343
F752B62E-E95F-A65D-4CB2-8B0252E15F08,0,7,9,7,383,15.4,41.7700968,401,19,15,19,83,0,7,400,100,241,66,208,199,129.5273634,2.577543799,2.577868911,2,269,39,70,29,0.807433317,0,12.93430189,148,0,2,8,313,94,46,344,17,353,32,34.73918526,0.755487715,0.748169536,43.84711118,0,198,1,0,22,0,0
FC50071B-D2BA-C98B-AC6E-7339010D56DA,0,1,12,69,380,15,37.08285543,460,11,12,47,156,0,0,462,135,242,85,215,247,120.9541204,0.822861587,1.071107723,0,275,85,74,28,1.055145279,0,17.14514723,201,1,6,14,309,153,36,406,20,441,21,49.96497576,0.407500795,0.269164985,27.68388247,0,226,0,0,0,0,0
FC66D29E-8CD8-AE29-A071-33549272C1EE,1,0,0,2,477,13,32.41343164,442,46,22,39,107,25,55,400,94,319,67,349,131,99.68653375,0.785707957,0.799400033,1,346,34,62,38,0.633720877,20,12.17292225,145,2,10,10,357,123,19,448,13,414,20,42.66834812,0.295690437,0.18845978,23.82405708,0,261,0,0,46,0,0
FFAB0F54-EFF2-FA1A-1892-F9D8ED3C9B31,1,23,48,187,105,15.2353,44.00982033,364,2,13,26,22,0,40,324,80,221,63,193,171,121.2901999,0.684006514,0.591670116,0,55,159,106,44,2.126378379,15,35.51493963,320,11,21,21,107,257,52,285,27,199,165,112.1281443,0.55275547,0.400739408,41.0058367,0,173,0,0,0,0,0
3C54E0F5-9C12-3137-9EC1-39645770F53A,1,11,42,85,259,15.6364,40.20756311,394,14,14,41,96,6,19,373,84,261,53,207,190,119.1372226,0.888857993,0.802572938,1,127,103,129,39,1.853046902,0,27.21680275,283,2,8,19,170,228,50,334,14,295,86,78.80111508,0.582516947,0.422178707,43.77249935,0,205,0,1,17,0,0
0F3B2D98-51FE-5265-3746-A0763DE31C98,0,1,10,54,373,15.5,37.18097908,438,2,17,10,162,0,83,355,89,302,47,215,222,114.9360824,4.028684523,3.180535729,0,292,68,56,22,0.891604087,0,14.3984592,158,1,1,1,325,113,27,392,19,425,13,40.20415753,1.635921056,1.112906017,28.68794256,0,207,0,1,0,0,0
E5CCE6B3-2C6E-BE96-602F-3852C8614777,1,276,22,7,18,15.3529,47.60448516,321,8,15,12,35,3,31,290,67,216,41,161,163,122.6178615,0.706514304,0.5516441,0,202,46,53,23,0.950193284,0,15.72021099,129,1,10,7,214,110,23,289,12,321,3,52.1718787,0.241260724,0.213972116,30.39359753,0,154,0,0,0,0,0
874A6B13-C999-C802-1138-FA198591D897,0,0,1,48,431,14,32.09889434,451,47,64,21,114,5,56,419,127,0,70,303,177,113.2738694,2.491404704,2.99980941,2,395,27,45,13,0.404713938,0,6.269681187,86,0,0,4,421,59,20,447,13,480,0,19.86669638,0.503374727,0.489158158,6.119500438,0,183,0,0,0,0,283
4BFAECAC-0CC2-F9AC-17BB-7343BE737D81,1,191,16,8,95,15.2,50.08403176,307,8,15,16,34,0,8,303,80,187,44,168,143,126.0789563,0.851405965,0.753027797,0,164,46,67,34,1.19532864,0,20.70424324,156,4,9,10,173,138,24,271,16,311,0,66.977691,0.363518623,0.229602932,25.48242762,0,156,0,0,0,0,0
77F6B31E-B228-3C6D-A66F-E7E6FDED3587,1,96,171,66,56,15.9375,43.39959569,388,10,20,31,88,4,6,380,89,259,42,174,215,116.2847926,0.692755229,0.603000071,1,101,99,129,61,1.642979444,0,30.54200159,296,5,24,13,147,243,36,335,19,255,124,99.38604297,0.485178205,0.360623432,44.23033318,0,204,0,1,11,0,0
FB70D507-2F2A-0F83-3B53-75EB8452F5E0,1,121,25,10,230,15.5385,42.93987371,362,37,23,24,46,3,48,336,81,268,38,225,161,122.5136663,0.797603928,0.739673367,1,271,39,46,31,0.820164822,0,13.29730348,126,0,8,3,285,102,16,356,15,371,4,39.66242225,0.232820894,0.172871178,32.36293385,0,212,0,1,12,0,0
C5DC661F-E2D6-2B65-4765-77C8B81D2488,0,269,23,16,5,15.2308,50.17693714,313,1,14,26,29,0,3,310,57,221,35,163,150,123.5386118,1.086381833,0.786619871,0,211,39,33,30,0.841464601,0,13.4176945,107,0,8,16,236,77,14,274,25,313,0,42.12904601,0.299511975,0.245626201,21.55875834,0,151,0,0,0,0,0
6B1E25A6-882B-DDD7-CE4F-4EC17A0906CF,0,39,36,53,261,15.5,40.62873248,363,47,16,29,48,0,22,368,79,271,40,193,196,148.7383843,0.863211482,0.732535032,4,123,124,74,69,1.904969162,16,29.87290252,289,10,8,16,164,226,52,311,27,268,102,88.22229685,0.6314073,0.524636832,53.35632682,0,206,1,1,20,0,0
BD35F47E-4F73-8664-B165-98D2BF2CDA48,0,265,24,21,0,15.2857,49.45971755,308,9,13,19,50,0,5,305,65,202,43,159,151,122.9734331,0.873064954,0.707795867,0,219,38,48,5,0.761125194,0,13.10490629,98,3,4,4,231,79,12,283,15,310,0,41.27768419,0.235751503,0.186249364,24.22674252,0,163,0,0,0,0,0
C0ABDBF6-67EF-EA64-A2D1-42FA92BD5713,0,7,5,8,398,15.7143,38.02515194,405,21,20,18,89,0,77,341,85,278,55,216,201,116.8903467,1.892776909,1.717757098,0,322,34,37,25,0.556831172,0,9.164421818,100,0,0,5,348,70,17,382,19,407,11,24.58673014,0.485084947,0.401379852,24.52733254,0,180,0,1,0,0,0
862DB2BA-55C9-5794-03BC-FBBA3BEE80C7,0,319,12,5,0,15.1667,47.98629521,334,8,13,20,46,0,5,331,67,228,41,159,177,127.469423,0.943007441,0.726653108,1,251,37,24,24,0.741963716,14.5,12.20983069,98,0,6,3,252,84,9,312,15,332,4,41.48904554,0.242300341,0.160564634,24.25500271,0,191,0,0,0,0,0
EC6E2525-212C-1C3A-0B73-74D1B45748E1,0,85,116,72,90,15.8889,44.87098107,359,10,13,52,60,0,17,346,82,229,52,180,182,129.8255769,1.307416555,1.211204664,0,47,105,140,71,2.01588468,15,39.15147738,329,19,21,39,77,286,44,290,29,212,151,119.1235055,1.15663339,0.898746326,25.51793336,0,163,0,1,0,0,0
