Position_X,Position_Y,Position_Z,Velocity_X,Velocity_Y,Velocity_Z,Rotation_X,Rotation_Y,Rotation_Z,Raycast_1,Raycast_2,Raycast_3,Raycast_4,Raycast_5,Raycast_6,Raycast_7,Raycast_8,Score
-76,2,32,0,0,0,0,180,0,17,48,12,48,100,30,21,30,0
-76,2,32,0,0,0,1,180,1,17,48,12,48,100,30,21,30,0
-75,2,32,1,0,0,1,181,1,17,48,12,48,100,30,21,30,0
-75,2,32,1,1,0,1,181,1,17,48,12,48,100,30,21,30,0
-75,2,32,1,1,0,1,181,1,17,48,12,48,100,30,21,30,0
-75,2,32,1,1,-1,1,180,1,17,48,12,48,100,30,21,30,0
-75,2,32,0,0,-2,1,180,1,17,48,12,48,100,30,21,30,0
-75,2,32,0,0,-4,1,180,1,17,48,12,48,100,30,21,30,0
-76,2,32,0,0,-5,1,180,0,17,48,12,48,100,30,21,30,0
-75,2,32,1,1,-6,1,180,1,17,48,12,48,100,30,21,30,0
-75,2,32,1,1,-8,1,180,1,17,48,12,48,100,30,21,30,0
-75,2,32,1,1,-9,1,180,1,17,48,12,48,100,30,21,30,0
-75,2,32,1,0,-10,1,180,1,17,48,12,48,100,30,21,30,0
-75,2,31,1,0,-11,1,180,1,17,48,12,48,100,30,21,30,0
-75,2,31,1,0,-12,1,180,1,17,48,12,48,100,30,21,30,0
-75,2,31,1,1,-14,1,180,1,17,48,12,48,100,30,21,30,0
-75,2,30,1,1,-15,1,180,1,17,48,12,48,100,30,21,30,0
-75,2,30,1,1,-16,1,180,1,17,48,12,48,100,30,21,30,0
-75,2,30,1,0,-17,1,180,1,17,48,12,48,100,30,21,30,0
-75,2,29,1,0,-18,1,180,1,16,48,12,48,100,30,21,30,0
-75,2,29,1,1,-19,1,180,1,16,48,12,48,100,30,21,30,0
-75,2,29,1,1,-20,1,180,1,16,21,12,48,100,30,21,30,0
-75,2,28,1,1,-21,1,180,1,16,21,12,48,100,30,21,30,0
-75,2,28,1,0,-22,1,180,1,16,20,12,48,100,30,21,30,0
-75,2,27,1,0,-23,1,180,1,16,20,12,48,100,30,21,30,0
-75,2,27,1,0,-24,1,180,1,16,20,12,48,100,30,21,30,0
-75,2,26,1,1,-25,1,180,1,16,19,12,48,100,30,21,30,0
-75,2,26,1,1,-26,1,180,1,16,19,12,48,100,30,21,30,0
-75,2,25,1,1,-27,1,180,1,16,19,12,48,100,30,21,30,0
-75,2,25,1,0,-28,1,180,1,16,18,12,48,100,30,21,30,0
-75,2,24,1,0,-28,1,180,1,15,18,14,48,100,30,21,30,0
-75,2,23,1,0,-29,1,180,1,15,18,34,48,100,30,21,30,0
-75,2,23,1,1,-30,1,180,1,15,17,34,48,100,30,21,30,0
-75,2,22,1,1,-31,1,180,1,15,17,34,48,100,30,21,30,0
-75,2,22,1,1,-32,1,180,1,15,17,34,48,100,30,22,30,0
-75,2,21,1,0,-32,1,180,1,15,17,34,48,100,30,22,30,0
-75,2,20,1,0,-33,1,180,1,15,17,34,48,100,30,22,30,0
-75,2,20,1,1,-34,1,181,1,14,16,34,48,100,30,22,30,0
-75,2,19,1,1,-35,1,181,1,14,16,34,48,100,30,22,30,0
-75,2,18,1,1,-35,1,181,1,14,16,34,48,100,31,22,30,0
-75,2,17,1,0,-36,1,182,1,14,16,34,47,100,31,22,30,0
-75,2,17,1,0,-37,1,182,1,14,16,34,47,100,31,22,29,0
-75,2,16,0,0,-37,1,182,1,14,16,34,47,100,31,22,29,0
-75,2,15,0,1,-38,1,183,1,13,16,34,46,100,31,22,29,0
-75,2,14,0,1,-39,1,183,1,13,16,34,46,100,32,22,29,0
-75,2,14,0,1,-39,1,183,0,13,16,34,46,100,32,22,29,0
-75,2,13,0,0,-40,1,184,360,13,16,34,15,100,32,22,29,0
-75,2,12,0,0,-41,1,184,360,13,16,34,15,100,32,22,29,0
-76,2,11,0,0,-41,1,184,360,13,16,34,15,100,32,22,29,0
-76,2,10,0,1,-42,1,184,1,12,16,34,15,100,32,22,28,0
-76,2,9,0,1,-42,1,184,1,12,15,34,15,100,32,21,28,0
-76,2,9,0,0,-43,1,184,1,12,15,34,15,100,32,21,28,0
-76,2,8,0,0,-43,1,184,1,12,15,34,14,100,32,21,28,0
-76,2,7,0,0,-44,1,184,1,12,15,34,14,100,32,21,28,0
-76,2,6,-1,1,-44,1,184,1,11,15,34,14,100,32,21,28,0
-76,2,5,-1,1,-45,1,185,1,11,15,34,14,100,32,21,28,0
-76,2,4,-1,1,-45,1,185,1,11,15,34,14,100,32,21,28,0
-76,2,3,-1,0,-46,1,185,1,11,15,34,14,100,32,21,28,0
-76,2,2,-1,0,-46,1,185,1,10,15,35,14,100,33,21,28,0
-76,2,1,-1,0,-47,1,185,1,10,15,35,14,100,33,21,28,0
-76,2,0,-1,1,-47,1,186,1,10,54,35,13,100,33,21,27,0
-76,2,-1,-1,1,-48,1,186,1,10,54,35,13,100,33,21,27,0
-76,2,-2,-1,0,-48,1,187,1,10,55,35,13,100,34,21,27,0
-76,2,-3,-1,0,-49,1,188,1,100,56,35,14,100,34,21,27,0
-76,2,-4,-2,0,-49,1,188,1,100,57,35,14,100,35,21,26,0
-76,2,-5,-2,0,-49,1,189,1,100,58,35,15,100,35,21,26,0
-76,2,-6,-2,1,-49,1,190,1,100,60,35,16,100,36,21,26,0
-76,2,-7,-2,1,-50,1,191,1,100,61,35,42,100,37,21,25,0
-76,2,-8,-2,1,-50,1,192,1,100,63,36,42,100,37,21,25,0
-76,2,-9,-2,0,-51,1,193,1,100,64,11,41,100,38,21,25,0
-76,2,-10,-3,0,-51,1,194,1,100,66,10,41,100,39,21,24,0
-76,2,-11,-3,0,-51,1,195,1,100,67,10,41,100,40,21,24,0
-76,2,-12,-3,1,-52,1,195,1,100,69,10,40,100,41,21,24,0
-76,2,-13,-4,1,-52,1,196,1,100,70,10,40,100,41,21,23,0
-77,2,-14,-4,1,-52,1,197,1,100,71,10,40,100,42,21,23,0
-77,2,-15,-4,1,-53,1,197,1,100,71,10,40,100,42,21,23,0
-77,2,-16,-5,0,-53,1,198,1,100,72,10,40,100,43,21,23,0
-77,2,-17,-5,0,-53,1,198,1,100,72,10,40,100,43,21,23,0
-77,2,-18,-5,0,-53,1,198,360,100,6,10,40,100,43,21,22,0
-77,2,-19,-6,1,-54,1,199,360,100,6,10,40,100,43,21,22,0
-77,2,-20,-6,1,-54,1,199,360,100,6,10,40,100,43,21,22,0
-77,2,-21,-6,1,-54,1,199,360,100,6,10,40,100,43,21,22,0
-78,2,-23,-7,0,-54,1,199,360,100,5,10,41,100,42,20,22,0
-78,2,-24,-7,0,-55,1,198,360,100,5,10,41,100,42,20,22,0
-78,2,-25,-7,0,-55,1,198,360,100,5,10,41,100,41,20,21,0
-78,2,-26,-8,0,-55,1,198,1,100,4,10,41,100,41,20,21,0
-78,2,-27,-8,0,-55,1,198,1,100,4,10,41,100,40,20,21,0
-78,2,-28,-8,0,-56,1,198,1,100,4,10,42,100,40,20,21,0
-79,2,-29,-9,1,-56,1,198,1,100,4,39,42,100,40,19,21,0
-79,2,-30,-9,1,-56,1,198,360,100,4,39,42,100,39,19,21,0
-79,2,-31,-9,1,-56,1,198,360,100,5,39,42,100,39,19,20,0
-79,2,-33,-9,0,-56,1,198,360,100,5,40,43,100,38,19,20,0
-79,2,-34,-10,0,-57,1,198,0,100,6,40,43,100,38,19,20,0
-80,2,-35,-10,0,-57,1,198,1,100,6,5,43,100,37,18,20,0
-80,2,-36,-10,0,-57,1,198,1,100,7,4,43,100,37,18,19,0
-80,2,-37,-10,0,-57,1,198,1,100,7,4,12,100,37,18,19,0
-80,2,-38,-11,0,-57,1,199,1,100,8,4,12,100,37,18,19,0
-80,2,-40,-11,1,-57,1,199,1,100,67,4,12,100,36,17,19,0
-81,2,-41,-11,1,-58,1,199,1,100,66,4,12,100,36,17,18,0
-81,2,-42,-11,1,-58,360,200,1,100,66,5,12,100,36,17,18,0
-81,2,-43,-11,1,-57,360,200,2,100,66,5,12,100,37,17,18,0
-81,2,-44,-11,1,-57,360,201,2,99,66,5,12,100,37,17,17,0
-82,2,-45,-11,0,-56,360,202,3,99,66,5,12,100,38,17,17,0
-82,2,-46,-11,0,-56,360,203,3,99,57,6,12,100,39,16,16,0
-82,2,-48,-11,0,-55,1,204,3,99,50,6,12,100,41,16,16,0
-82,2,-49,-11,1,-55,1,206,2,100,56,6,12,95,43,16,16,0
-82,2,-50,-12,1,-54,1,207,2,100,67,7,12,92,45,16,15,0
-83,2,-51,-12,1,-54,1,208,1,100,67,7,12,89,46,16,15,0
-83,2,-52,-12,1,-53,360,209,360,100,67,7,7,30,48,16,15,0
-83,2,-53,-12,0,-53,360,210,360,100,67,8,7,29,49,16,14,0
-84,2,-54,-12,0,-52,360,210,360,100,67,8,8,29,51,15,14,0
-84,2,-55,-11,-1,-51,360,211,359,100,66,47,8,28,52,15,14,0
-84,2,-56,-11,-1,-50,360,211,359,100,66,47,8,28,52,15,13,0
-84,2,-57,-12,0,-49,1,212,359,100,65,48,8,29,52,15,13,0
-84,2,-58,-12,1,-49,1,212,359,78,65,48,9,29,52,15,13,0
-85,2,-59,-12,1,-48,2,212,360,59,64,48,9,29,52,14,13,0
-85,2,-60,-12,1,-47,2,213,360,53,64,48,9,29,52,14,12,0
-85,2,-61,-12,1,-47,2,213,1,50,63,48,9,29,52,14,12,0
-85,2,-62,-12,0,-46,2,213,1,49,51,48,10,29,52,14,12,0
-86,2,-63,-12,0,-45,2,214,1,50,45,48,10,29,53,13,12,0
-86,2,-64,-12,0,-45,2,214,2,56,46,48,10,29,53,13,11,0
-86,2,-65,-12,0,-44,2,214,1,72,55,48,10,28,54,13,11,0
-86,2,-65,-12,0,-43,1,215,1,100,61,48,10,28,56,13,11,0
-87,2,-66,-12,0,-43,1,216,1,100,61,48,11,28,58,13,11,0
-87,2,-67,-12,0,-42,360,216,1,100,60,47,11,28,61,12,11,0
-87,2,-68,-12,1,-42,360,217,1,100,60,47,11,27,65,12,11,0
-87,2,-69,-12,1,-41,360,218,1,100,60,48,11,27,71,12,11,0
-88,2,-70,-13,1,-41,1,219,1,100,59,47,11,27,79,12,11,0
-88,2,-70,-13,0,-41,1,220,1,100,59,47,11,27,91,12,11,0
-88,2,-71,-13,0,-40,1,221,1,100,59,47,11,27,100,11,11,0
-88,2,-72,-13,0,-40,1,222,1,100,59,47,11,27,100,11,11,0
-89,2,-73,-13,1,-39,1,223,1,100,58,47,11,27,100,11,11,0
-89,2,-74,-14,1,-39,1,224,1,100,58,47,11,28,100,11,11,0
-89,2,-74,-14,1,-38,360,225,1,100,58,47,11,28,100,11,11,0
-90,2,-75,-14,0,-38,1,226,360,100,57,47,11,28,100,11,11,0
-90,2,-76,-15,0,-38,1,226,360,100,57,47,11,28,100,11,12,0
-90,2,-77,-15,0,-37,1,227,360,100,56,47,11,28,100,11,12,0
-91,2,-77,-15,1,-37,1,227,1,100,56,46,11,28,100,11,12,0
-91,2,-78,-16,1,-36,1,228,1,100,55,46,11,28,100,11,13,0
-91,2,-79,-16,1,-36,1,228,1,100,55,46,11,28,100,11,13,0
-92,2,-80,-16,0,-36,1,229,1,100,54,46,11,28,100,11,14,0
-92,2,-80,-17,0,-35,1,229,1,100,54,45,12,28,100,11,15,0
-92,2,-81,-17,0,-35,1,229,1,100,53,45,12,28,100,11,16,0
-93,2,-82,-17,1,-35,1,230,1,100,53,45,12,28,100,11,17,0
-93,2,-82,-17,1,-34,1,230,1,100,52,45,12,28,100,11,18,0
-93,2,-83,-18,1,-34,1,231,1,100,52,44,13,28,100,11,20,0
-94,2,-84,-18,0,-33,1,231,1,100,51,44,13,28,100,12,23,0
-94,2,-84,-18,0,-33,1,232,1,100,51,44,13,28,100,12,26,0
-94,2,-85,-19,1,-33,1,232,1,100,50,44,13,28,100,12,29,0
-95,2,-86,-19,1,-32,1,232,0,100,50,44,14,28,100,12,30,0
-95,2,-86,-19,1,-32,1,232,360,100,49,43,48,28,100,12,32,0
-96,2,-87,-19,0,-32,1,233,360,100,49,43,48,28,100,13,34,0
-96,2,-88,-20,2,-31,1,233,360,100,48,43,48,28,100,13,35,0
-96,2,-88,-20,2,-31,1,233,359,100,48,43,49,28,96,13,36,0
-97,2,-89,-20,1,-30,1,233,358,100,47,42,49,28,64,13,37,0
-97,2,-90,-19,1,-29,1,234,358,100,47,42,49,28,51,14,38,0
-98,2,-90,-19,0,-29,1,234,357,100,46,42,49,28,45,14,35,0
-98,2,-91,-19,0,-28,1,234,357,100,46,42,49,28,42,14,32,0
-98,2,-91,-19,-1,-28,1,235,357,100,45,41,49,28,42,15,33,0
-99,2,-92,-19,0,-27,1,235,358,100,45,41,49,28,53,15,40,0
-99,2,-92,-20,2,-27,360,235,360,100,44,41,49,28,100,15,40,0
-100,2,-93,-20,2,-27,360,235,2,100,44,40,49,28,100,16,41,0
-100,2,-93,-20,1,-26,360,235,3,100,43,29,36,28,100,16,42,0
-100,2,-94,-20,1,-26,360,236,5,100,32,20,25,28,100,17,42,0
-101,2,-95,-19,0,-25,360,236,6,100,25,16,21,28,100,17,42,0
-101,2,-95,-20,1,-25,360,237,6,100,22,15,21,28,100,17,42,0
-102,2,-96,-20,1,-25,1,238,6,100,21,16,22,71,100,18,41,0
-102,2,-96,-20,1,-25,1,239,6,99,22,16,24,71,100,18,41,0
-102,2,-97,-21,1,-24,1,240,6,97,23,17,26,71,100,18,40,0
-103,2,-97,-21,0,-24,1,241,5,96,24,18,28,70,100,19,40,0
-103,2,-98,-21,0,-23,1,242,5,94,25,20,30,70,100,19,40,0
-104,2,-98,-21,0,-23,1,243,4,92,28,22,33,70,100,19,39,0
-104,2,-98,-21,0,-23,1,244,4,91,34,26,39,18,100,20,39,0
-105,2,-99,-21,0,-22,1,245,3,89,40,36,46,18,100,20,38,0
-105,2,-99,-22,0,-22,1,246,2,88,40,36,45,18,100,20,38,0
-105,2,-100,-22,0,-22,1,247,1,86,40,36,45,18,100,21,38,0
-106,2,-100,-23,0,-22,1,247,360,85,41,36,45,18,100,21,38,0
-106,2,-101,-24,1,-22,1,248,359,84,41,36,45,18,100,21,38,0
-107,2,-101,-24,1,-21,1,248,360,83,41,35,44,18,100,22,38,0
-107,2,-101,-25,1,-21,1,248,360,82,41,35,44,18,100,22,38,0
-108,2,-102,-25,1,-21,1,248,360,82,41,35,44,18,100,23,38,0
-108,2,-102,-25,0,-20,1,248,1,81,40,34,44,18,100,23,38,0
-109,2,-103,-25,0,-20,1,248,1,81,40,34,44,18,100,23,39,0
-109,2,-103,-25,0,-20,1,248,1,80,40,34,44,18,100,24,39,0
-110,2,-104,-26,1,-20,1,248,1,80,40,33,44,18,100,24,39,0
-111,2,-104,-27,1,-20,1,248,360,79,41,33,44,18,100,25,39,0
-111,2,-104,-28,1,-20,1,249,360,79,41,33,44,18,100,25,39,0
-112,2,-105,-28,0,-20,1,248,360,78,41,33,44,18,100,25,39,0
-112,2,-105,-29,0,-20,1,248,360,78,41,32,45,18,100,26,40,0
-113,2,-106,-30,0,-20,1,248,360,77,42,32,45,18,35,26,40,0
-113,2,-106,-30,1,-20,1,248,360,77,43,32,45,18,33,26,40,0
-114,2,-106,-31,1,-20,1,248,1,77,100,32,45,18,33,27,40,0
-115,2,-107,-32,1,-20,1,247,360,76,100,31,45,18,32,27,40,0
-115,2,-107,-32,0,-20,1,247,360,76,100,31,45,18,32,27,41,0
-116,2,-108,-33,0,-20,1,246,360,76,100,31,46,18,31,28,41,0
-117,2,-108,-34,0,-20,1,246,360,76,100,31,46,19,31,28,41,0
-117,2,-108,-34,1,-20,1,245,360,75,100,30,47,19,31,29,41,0
-118,2,-109,-35,1,-20,1,245,360,75,100,30,47,19,31,29,41,0
-119,2,-109,-35,1,-20,1,244,360,75,100,30,48,19,30,29,42,0
-120,2,-110,-35,0,-20,1,243,360,75,100,30,48,19,30,29,42,0
-120,2,-110,-36,0,-20,1,242,360,76,100,30,49,20,30,30,43,0
-121,2,-111,-36,0,-20,1,240,360,76,100,30,50,20,31,30,43,0
-122,2,-111,-36,1,-21,1,239,360,76,37,30,51,94,31,30,43,0
-123,2,-111,-37,1,-21,1,238,360,77,36,29,52,97,31,31,44,0
-123,2,-112,-37,1,-21,1,236,360,77,34,29,54,99,31,31,44,0
-124,2,-112,-37,1,-21,1,234,360,77,33,30,55,100,31,32,45,0
-125,2,-113,-37,0,-22,1,233,360,78,32,30,57,100,32,32,45,0
-126,2,-113,-37,0,-22,1,231,360,79,31,30,59,100,32,32,46,0
-126,2,-114,-37,0,-22,1,229,360,79,30,30,61,100,32,32,46,0
-127,2,-114,-37,1,-22,1,227,360,80,29,30,63,100,32,33,47,0
-128,2,-115,-37,1,-23,1,225,360,81,28,31,66,100,32,33,48,0
-129,2,-115,-37,1,-23,1,223,360,81,28,31,68,100,32,33,48,0
-129,2,-115,-37,0,-23,1,221,360,82,27,31,71,100,32,34,49,0
-130,2,-116,-37,0,-24,1,219,360,82,27,32,74,100,32,34,49,0
-131,2,-116,-37,0,-24,1,217,360,83,26,32,77,100,33,34,50,0
-132,2,-117,-37,1,-24,1,215,360,84,26,33,80,47,33,35,50,0
-132,2,-117,-37,1,-25,1,213,360,84,25,34,83,45,33,35,51,0
-133,2,-118,-36,1,-25,1,211,360,85,25,34,86,43,33,35,51,0
-134,2,-118,-36,1,-26,1,209,360,86,25,35,89,43,33,35,52,0
-135,2,-119,-36,0,-26,1,207,360,86,24,36,20,43,33,36,53,0
-135,2,-120,-35,0,-27,1,205,360,87,24,37,20,42,33,36,53,0
-136,2,-120,-35,0,-27,1,203,360,87,24,39,20,42,33,36,54,0
-137,2,-121,-35,1,-28,1,201,360,88,24,40,21,42,33,36,54,0
-137,2,-121,-34,1,-28,1,199,360,89,23,41,21,42,33,36,55,0
-138,2,-122,-34,0,-29,1,197,360,89,23,43,24,42,33,37,55,0
-139,2,-122,-33,0,-29,1,195,360,90,23,45,27,41,33,37,56,0
-139,2,-123,-33,0,-30,1,193,360,90,23,47,27,41,33,37,56,0
-140,2,-124,-32,0,-30,1,191,360,91,23,50,27,41,33,37,57,0
-141,2,-124,-31,0,-30,1,189,360,91,23,52,27,41,33,38,57,0
-141,2,-125,-31,0,-31,1,187,360,92,23,55,100,40,33,38,58,0
-142,2,-126,-30,0,-31,1,185,360,92,23,58,100,40,33,38,58,0
-142,2,-126,-29,0,-32,1,183,360,93,22,60,100,40,33,38,59,0
-143,2,-127,-29,1,-33,1,181,360,93,22,63,100,40,33,39,59,0
-144,2,-128,-28,1,-34,1,180,360,93,22,66,100,40,33,39,59,0
-144,2,-128,-27,0,-34,1,178,360,94,22,68,100,40,33,39,60,0
-145,2,-129,-26,0,-35,1,177,360,94,22,71,100,40,33,39,60,0
-145,2,-130,-25,1,-36,1,175,360,94,22,73,100,40,33,39,60,0
-146,2,-130,-25,1,-36,1,174,360,94,22,75,67,40,33,39,60,0
-146,2,-131,-24,1,-37,1,173,360,93,22,77,65,40,34,39,60,0
-147,2,-132,-23,0,-38,1,172,360,93,22,79,64,40,34,39,60,0
-147,2,-133,-22,0,-38,1,171,360,93,22,81,64,40,34,39,60,0
-148,2,-134,-21,0,-39,1,170,360,93,22,84,63,40,34,39,59,0
-148,2,-134,-20,1,-39,1,168,360,93,22,86,63,41,34,39,59,0
-148,2,-135,-19,1,-40,1,167,360,93,22,88,63,41,34,39,59,0
-149,2,-136,-18,1,-40,1,166,360,93,22,91,63,41,34,39,59,0
-149,2,-137,-18,1,-40,1,164,360,93,22,94,63,41,34,39,60,0
-149,2,-138,-17,0,-41,1,163,360,93,22,98,63,41,34,39,60,0
-150,2,-138,-16,0,-41,1,161,360,93,22,100,63,41,34,39,60,0
-150,2,-139,-15,0,-42,1,160,360,93,22,100,63,41,34,39,60,0
-150,2,-140,-14,0,-42,1,158,360,93,22,100,63,41,34,39,60,0
-151,2,-141,-13,1,-42,1,157,360,94,22,100,63,41,34,40,60,0
-151,2,-142,-12,1,-42,1,155,360,95,21,100,62,40,34,40,61,0
-151,2,-143,-11,1,-42,1,153,360,96,21,100,62,40,34,40,61,0
-151,2,-144,-10,0,-43,1,151,360,100,21,100,62,40,34,40,61,0
-152,2,-144,-9,0,-43,1,150,360,100,21,100,62,40,34,40,62,0
-152,2,-145,-8,0,-42,1,148,360,100,21,100,61,40,34,40,62,0
-152,2,-146,-7,1,-43,1,146,360,100,21,100,61,40,34,41,62,0
-152,2,-147,-6,1,-43,1,144,360,100,21,100,61,40,34,41,63,0
-152,2,-148,-5,1,-43,1,143,360,100,21,100,61,40,34,41,63,0
-152,2,-149,-4,0,-43,1,142,360,100,21,100,61,40,34,41,63,0
-152,2,-150,-3,0,-43,1,140,360,100,21,100,61,40,35,41,63,0
-152,2,-150,-1,0,-43,1,139,360,100,21,100,61,40,35,41,63,0
-152,2,-151,0,1,-43,1,138,360,100,21,100,61,40,35,41,63,0
-152,2,-152,1,1,-43,1,137,360,100,21,100,61,40,35,41,63,0
-152,2,-153,2,1,-43,1,136,360,100,21,100,61,40,35,41,62,0
-152,2,-154,3,0,-43,1,135,360,100,21,100,62,41,35,41,62,1
-152,2,-155,4,0,-43,1,134,360,100,21,100,62,41,35,41,62,1
-152,2,-156,5,0,-43,1,133,360,100,21,100,63,41,35,41,61,1
-152,2,-157,6,1,-43,1,133,360,100,21,100,63,41,35,40,61,1
-152,2,-157,8,1,-43,1,132,360,100,21,100,64,42,35,40,61,1
-152,2,-158,9,0,-43,1,132,1,100,21,100,64,42,35,40,60,1
-151,2,-159,10,0,-43,1,132,1,100,21,100,65,42,35,40,59,1
-151,2,-160,11,0,-43,1,131,1,100,21,100,66,43,35,40,59,1
-151,2,-161,12,1,-43,1,131,360,100,21,100,67,43,35,40,58,1
-151,2,-162,13,1,-43,1,131,360,100,21,100,67,44,35,39,58,1
-150,2,-163,14,1,-42,1,130,360,100,21,100,68,44,36,39,57,1
-150,2,-163,15,1,-42,1,130,360,100,21,100,69,44,36,39,56,1
-150,2,-164,15,0,-42,1,130,360,100,21,100,70,45,36,39,56,1
-150,2,-165,16,0,-42,1,129,360,100,21,100,70,45,36,39,55,1
-149,2,-166,17,1,-42,1,129,360,100,21,100,71,46,36,39,55,1
-149,2,-167,18,1,-42,1,128,360,100,21,100,72,46,36,38,55,1
-149,2,-168,19,1,-42,1,127,360,100,21,100,72,46,36,38,54,1
-148,2,-169,20,1,-42,1,127,360,100,21,100,73,47,36,38,54,1
-148,2,-169,21,0,-42,1,126,360,100,22,100,73,47,36,38,53,1
-147,2,-170,21,0,-42,1,125,360,100,22,100,74,47,36,38,53,1
-147,2,-171,22,0,-41,1,125,360,100,22,30,74,48,37,38,53,1
-146,2,-172,23,0,-41,1,124,360,100,22,28,75,48,37,38,52,1
-146,2,-173,24,0,-41,1,123,360,100,23,27,75,48,37,38,52,1
-145,2,-174,25,1,-41,1,123,360,100,23,26,76,49,37,38,51,1
-145,2,-174,25,1,-41,1,122,360,100,23,25,77,49,37,37,51,1
-144,2,-175,26,1,-41,1,122,360,100,24,25,78,49,37,37,50,1
-144,2,-176,27,0,-40,1,122,1,100,25,24,32,50,37,37,50,1
-143,2,-177,28,0,-40,1,121,1,100,26,24,32,51,37,37,49,1
-143,2,-178,28,0,-40,1,121,1,100,27,23,32,51,37,36,48,1
-142,2,-178,29,1,-40,1,121,1,100,29,23,33,52,37,36,48,1
-142,2,-179,30,1,-40,1,121,1,100,31,23,33,52,37,36,47,1
-141,2,-180,30,1,-40,1,121,0,100,33,22,36,53,38,36,46,1
-140,2,-181,31,1,-39,1,121,0,100,36,22,41,54,38,35,46,1
-140,2,-182,32,0,-39,1,121,0,100,37,22,38,54,38,35,45,1
-139,2,-182,32,0,-39,1,120,1,100,39,22,39,55,38,35,44,1
-139,2,-183,33,0,-39,1,120,360,100,40,22,39,56,38,35,44,1
-138,2,-184,34,1,-39,1,120,360,100,42,22,40,56,38,35,43,1
-137,2,-185,34,1,-39,1,120,360,100,43,22,43,57,38,34,42,1
-137,2,-186,35,1,-39,1,120,360,100,44,22,91,58,38,34,41,1
-136,2,-186,35,1,-38,1,120,360,100,44,22,92,58,38,34,41,1
-135,2,-187,36,1,-38,1,119,360,100,45,22,93,59,38,33,40,1
-134,2,-188,36,1,-38,1,119,360,100,45,23,94,59,38,33,40,1
-134,2,-189,37,1,-38,1,119,360,100,46,23,95,60,38,33,39,1
-133,2,-189,38,0,-38,1,118,360,100,46,23,95,60,38,32,38,1
-132,2,-190,38,1,-38,1,118,360,100,46,24,96,61,38,32,38,1
-131,2,-191,39,0,-37,1,117,360,100,46,24,97,61,38,32,37,1
-131,2,-192,39,0,-37,1,116,360,99,47,24,98,62,38,31,37,1
-130,2,-193,40,0,-37,1,116,360,97,47,25,98,62,38,31,36,1
-129,2,-193,40,0,-37,1,115,360,96,47,25,99,62,38,31,35,1
-128,2,-194,41,0,-37,1,115,360,95,47,26,100,63,38,30,35,1
-127,2,-195,41,1,-37,1,115,360,93,47,26,100,63,37,30,34,1
-127,2,-195,42,1,-36,1,114,1,92,47,27,100,64,37,29,33,1
-126,2,-196,42,0,-36,1,114,1,91,48,28,100,65,37,29,33,1
-125,2,-197,43,0,-36,1,114,1,90,48,28,100,65,37,29,32,1
-124,2,-198,43,0,-36,1,114,1,89,48,29,100,66,37,28,31,1
-123,2,-198,44,0,-35,1,114,1,88,48,30,100,67,37,28,30,1
-122,2,-199,44,0,-35,1,114,1,87,49,30,100,68,37,27,30,1
-121,2,-200,45,0,-35,1,114,1,87,49,31,100,69,37,27,29,1
-121,2,-201,45,0,-35,1,114,1,86,49,32,100,70,37,26,28,1
-120,2,-201,45,0,-35,1,115,1,85,50,33,100,71,37,26,28,1
-119,2,-202,46,0,-34,1,115,1,85,50,33,100,72,37,25,27,1
-118,2,-203,46,0,-34,1,116,1,84,50,34,100,74,37,25,26,1
-117,2,-203,47,0,-34,1,116,1,84,51,35,100,75,37,24,26,1
-116,2,-204,47,0,-34,1,117,1,83,51,35,100,77,38,24,25,1
-115,2,-205,47,0,-34,1,118,1,83,51,36,42,79,38,23,24,1
-114,2,-205,48,0,-34,1,119,1,82,51,37,41,81,38,23,24,1
-113,2,-206,48,1,-34,1,120,1,82,52,37,40,83,39,23,23,1
-112,2,-207,48,1,-33,1,121,1,83,52,38,39,86,39,22,22,1
-111,2,-207,48,1,-33,1,122,1,84,53,38,39,88,40,22,22,1
-110,2,-208,48,1,-33,1,124,1,89,53,39,38,91,41,22,21,1
-109,2,-209,48,1,-33,1,125,1,100,54,40,39,94,42,21,20,1
-108,2,-209,48,1,-33,1,127,1,100,54,40,39,97,44,21,20,1
-108,2,-210,48,1,-33,1,129,1,100,55,40,39,100,45,21,19,1
-107,2,-211,47,1,-33,1,131,1,100,55,41,40,100,47,20,18,1
-106,2,-211,47,1,-33,1,132,1,100,55,41,40,58,49,20,18,1
-105,2,-212,47,1,-33,360,134,2,100,56,42,41,64,51,20,17,1
-104,2,-213,47,1,-33,360,136,2,100,56,42,41,65,54,19,17,1
-103,2,-213,46,1,-32,360,138,3,100,56,38,41,100,56,19,17,1
-102,2,-214,46,0,-32,360,140,3,100,50,31,40,100,60,19,16,1
-101,2,-215,45,1,-32,360,143,3,100,44,28,38,100,63,19,16,1
-100,2,-215,45,1,-32,360,145,3,100,49,32,41,100,67,19,16,1
-99,2,-216,44,1,-32,360,147,3,100,57,35,42,100,71,19,16,1
-98,2,-217,44,1,-32,360,149,3,100,57,39,42,100,75,19,15,1
-98,2,-217,43,0,-31,360,151,3,100,58,39,40,58,79,19,15,1
-97,2,-218,42,0,-31,360,153,3,100,58,36,36,54,83,19,15,1
-96,2,-219,42,0,-31,359,155,3,100,58,34,34,53,87,19,15,1
-95,2,-219,41,0,-31,360,157,3,97,58,37,37,52,91,19,15,1
-94,2,-220,40,0,-32,360,159,2,93,58,44,42,52,95,19,15,1
-94,2,-220,40,1,-32,360,161,2,89,58,44,42,52,99,19,15,1
-93,2,-221,39,1,-32,360,163,1,85,58,44,42,52,100,19,15,1
-92,2,-222,39,0,-32,360,164,1,83,59,44,42,53,100,18,15,1
-91,2,-222,38,0,-32,1,165,1,80,60,44,42,53,100,18,15,1
-91,2,-223,37,0,-33,1,166,360,78,61,43,42,53,100,18,16,1
-90,2,-224,36,1,-33,1,167,360,76,64,43,42,53,100,18,16,1
-89,2,-224,36,1,-33,1,168,360,75,100,43,42,54,100,18,16,1
-88,2,-225,35,1,-33,1,168,359,75,100,43,42,54,100,17,17,1
-88,2,-226,34,0,-33,2,168,359,74,100,42,42,54,100,17,17,1
-87,2,-226,34,0,-33,2,168,359,57,100,42,42,55,100,17,18,1
-86,2,-227,33,0,-33,2,168,360,53,100,41,42,56,100,17,19,1
-86,2,-228,33,1,-34,2,167,360,63,100,41,43,57,100,17,21,1
-85,2,-228,32,1,-34,1,167,1,76,85,41,43,57,100,17,22,1
-85,2,-229,31,1,-33,1,166,2,76,73,40,43,58,100,17,23,1
-84,2,-230,31,0,-33,0,166,2,77,64,40,43,59,100,17,25,1
-83,2,-230,30,0,-32,360,165,3,77,59,37,43,60,100,17,26,1
-83,2,-231,29,0,-32,360,165,3,77,55,33,40,61,100,17,27,1
-82,2,-232,29,0,-32,360,165,3,77,59,36,43,61,100,17,28,1
-82,2,-232,28,0,-32,360,165,2,76,79,38,43,62,100,17,28,1
-81,2,-233,28,0,-32,1,165,1,76,100,38,43,62,100,18,29,1
-81,2,-234,27,0,-32,1,166,360,75,100,38,43,63,100,18,29,1
-80,2,-234,27,0,-33,1,166,359,75,100,37,43,63,100,18,30,1
-80,2,-235,26,1,-33,1,165,359,74,100,37,43,64,100,19,30,1
-79,2,-236,26,1,-33,1,165,359,75,100,37,44,65,100,19,31,1
-79,2,-236,25,1,-33,1,164,360,75,100,36,44,66,100,19,32,1
-78,2,-237,25,1,-33,1,163,360,75,100,36,44,67,100,20,33,1
-78,2,-238,24,0,-33,1,162,360,76,100,36,44,68,100,20,33,1
-77,2,-238,24,0,-33,1,161,360,77,100,36,45,70,100,21,34,1
-77,2,-239,24,0,-34,1,160,360,78,48,35,45,71,100,22,35,1
-76,2,-240,24,1,-34,1,159,360,78,45,35,46,73,100,22,36,1
-76,2,-240,24,1,-35,1,158,360,79,43,35,47,75,33,23,37,1
-75,2,-241,24,1,-35,1,156,360,80,41,35,47,77,29,23,38,1
-75,2,-242,24,0,-35,1,155,360,81,39,35,48,78,27,24,39,1
-74,2,-243,23,0,-36,1,153,360,82,38,35,49,81,26,25,40,1
-74,2,-243,23,0,-36,1,151,360,83,37,35,50,83,26,25,41,1
-73,2,-244,23,1,-36,1,150,360,84,36,35,51,86,25,26,42,1
-73,2,-245,24,1,-36,1,148,360,85,34,35,53,89,25,27,44,1
-72,2,-246,24,1,-37,1,146,360,86,34,35,54,100,25,27,45,1
-72,2,-246,24,0,-37,1,144,360,87,33,35,56,100,25,28,46,1
-72,2,-247,24,0,-37,1,142,360,88,32,35,57,100,26,28,47,1
-71,2,-248,24,0,-37,1,140,360,89,31,36,59,100,26,29,48,1
-71,2,-249,25,0,-37,1,138,360,90,30,36,61,100,26,30,49,1
-70,2,-249,25,1,-38,1,136,360,91,30,36,63,100,27,30,50,1
-70,2,-250,25,1,-37,1,134,360,91,29,37,65,71,27,31,51,1
-69,2,-251,26,1,-37,1,132,360,92,29,37,67,71,27,31,52,1
-69,2,-252,26,0,-37,1,131,360,93,28,37,69,100,28,32,53,1
-68,2,-252,26,0,-37,1,129,360,94,28,38,71,100,28,33,54,1
-68,2,-253,27,0,-37,1,127,360,94,27,39,74,100,28,33,55,1
-67,2,-254,27,0,-37,1,125,360,95,27,39,76,100,29,34,56,1
-66,2,-255,27,1,-37,1,123,360,95,27,40,78,40,29,34,56,1
-66,2,-255,28,1,-37,1,122,360,95,26,40,81,38,29,35,57,1
-65,2,-256,29,1,-37,1,120,360,96,26,41,83,37,30,35,58,1
-65,2,-257,29,0,-36,1,119,360,96,26,41,85,37,30,36,58,1
-64,2,-258,30,0,-36,1,117,360,95,25,42,87,37,30,36,58,1
-64,2,-258,31,0,-36,1,116,360,95,25,42,89,37,31,36,59,1
-63,2,-259,32,1,-36,1,115,360,95,25,42,91,37,31,37,59,1
-62,2,-260,32,1,-36,1,114,360,95,24,43,93,38,31,37,59,1
-62,2,-260,33,1,-35,1,113,360,95,24,43,95,38,32,37,59,1
-61,2,-261,34,0,-35,1,112,360,95,24,43,97,38,32,38,59,1
-60,2,-262,34,0,-35,1,111,360,94,23,44,99,39,32,38,59,1
-60,2,-263,35,0,-35,1,110,360,94,23,44,100,39,33,38,59,1
-59,2,-263,36,0,-34,1,109,360,93,23,44,100,40,33,38,59,1
-58,2,-264,36,1,-34,1,108,360,93,23,44,100,40,33,38,59,1
-57,2,-265,37,1,-34,1,107,360,92,22,44,100,41,33,38,59,1
-57,2,-265,38,1,-33,1,107,360,92,22,44,100,41,34,38,58,1
-56,2,-266,38,0,-33,1,106,360,91,22,44,100,41,34,38,58,1
-55,2,-267,39,0,-33,1,105,360,91,22,44,100,42,34,39,58,1
-54,2,-267,40,1,-32,1,104,360,90,22,43,100,42,35,39,57,1
-54,2,-268,40,1,-32,1,103,360,89,21,43,100,43,35,39,57,1
-53,2,-269,41,0,-31,1,103,360,89,21,43,100,43,35,39,57,1
-52,2,-269,41,0,-31,1,101,360,89,21,43,100,44,35,39,57,1
-51,2,-270,42,1,-31,1,100,360,88,21,44,100,44,35,39,57,1
-50,2,-270,42,1,-30,1,99,360,88,21,44,100,44,36,39,57,1
-50,2,-271,42,1,-30,1,98,360,88,21,45,100,44,36,39,57,1
-49,2,-272,43,1,-29,1,96,360,88,21,46,100,45,36,39,57,1
-48,2,-272,43,1,-28,1,95,360,88,20,48,79,45,36,39,57,1
-47,2,-273,43,1,-28,1,93,360,88,20,50,81,45,36,39,57,1
-46,2,-273,43,1,-27,1,91,360,88,20,53,90,45,36,40,57,1
-45,2,-274,43,0,-27,1,89,360,88,20,55,95,45,36,40,57,1
-44,2,-274,44,0,-26,1,88,360,88,20,59,100,45,36,40,57,1
-44,2,-275,44,0,-25,1,86,360,88,20,63,100,45,36,40,58,1
-43,2,-275,44,0,-25,1,84,360,89,20,67,100,44,36,40,58,1
-42,2,-276,44,0,-24,1,82,360,89,20,71,72,44,36,40,58,1
-41,2,-276,44,0,-23,1,80,360,89,20,76,69,44,36,40,58,1
-40,2,-277,45,0,-22,1,78,360,90,20,81,67,44,36,40,59,1
-39,2,-277,45,0,-22,1,76,360,90,20,86,67,44,36,40,59,1
-38,2,-278,45,0,-21,1,74,360,90,20,91,66,44,36,40,59,1
-37,2,-278,45,0,-20,1,72,360,91,20,96,66,43,36,41,59,1
-36,2,-279,45,0,-19,1,70,360,91,20,100,66,43,36,41,60,1
-36,2,-279,45,0,-18,1,68,360,91,20,100,65,43,36,41,60,1
-35,2,-279,45,0,-17,1,66,360,92,20,100,65,43,36,41,60,1
-34,2,-280,46,0,-16,1,64,360,93,20,100,65,43,36,41,60,1
-33,2,-280,46,1,-15,1,62,360,96,20,100,64,42,36,41,61,1
-32,2,-280,46,1,-14,1,60,360,100,20,100,64,42,35,41,61,1
-31,2,-280,46,1,-13,1,58,360,100,20,100,64,42,35,41,61,1
-30,2,-281,46,0,-12,1,57,360,100,20,100,64,42,35,41,61,1
-29,2,-281,46,0,-11,1,55,360,100,20,100,63,42,35,41,61,1
-28,2,-281,46,0,-10,1,54,360,100,20,100,63,42,35,41,61,1
-27,2,-281,46,0,-8,1,52,360,100,21,100,63,42,35,41,61,1
-27,2,-281,47,1,-7,1,51,360,100,21,100,63,42,35,40,61,1
-26,2,-282,47,1,-6,1,50,360,100,21,100,64,41,35,40,61,1
-25,2,-282,47,1,-5,1,49,360,100,21,100,64,41,35,40,60,2
-24,2,-282,47,0,-4,1,48,360,100,21,100,64,42,35,40,60,2
-23,2,-282,47,0,-2,1,47,360,100,21,85,64,42,35,40,60,2
-22,2,-282,47,0,-1,1,46,360,100,21,86,64,42,35,40,60,2
-21,2,-282,46,1,0,1,45,360,100,21,86,64,42,35,39,59,2
-20,2,-282,46,1,1,1,43,360,100,21,95,65,42,34,39,59,2
-19,2,-282,46,1,2,1,42,360,100,21,100,65,42,34,39,59,2
-18,2,-282,46,0,3,1,41,360,100,21,100,65,42,34,39,59,2
-17,2,-282,46,0,5,1,40,360,100,22,100,65,41,34,39,59,2
-16,2,-282,46,1,6,1,38,360,100,22,100,65,41,34,39,59,2
-16,2,-281,45,1,6,1,37,360,100,22,100,64,41,34,39,59,2
-15,2,-281,45,1,8,1,35,360,100,22,100,64,41,34,39,59,2
-14,2,-281,45,0,9,1,34,360,100,22,100,64,41,34,39,59,2
-13,2,-281,44,0,10,1,32,360,100,22,100,64,41,34,39,59,2
-12,2,-281,44,0,11,1,30,360,100,22,100,63,41,34,39,59,2
-11,2,-281,44,0,12,1,29,360,100,22,100,63,40,34,39,60,2
-10,2,-280,43,1,13,1,27,360,100,22,99,63,40,34,39,60,2
-9,2,-280,43,1,14,1,26,360,100,22,97,63,40,34,39,60,2
-9,2,-280,42,0,15,1,24,360,100,22,97,63,40,34,39,60,2
-8,2,-279,42,0,16,1,23,360,100,22,97,63,40,34,39,60,2
-7,2,-279,41,0,17,1,22,360,100,22,97,63,40,33,39,59,2
-6,2,-279,41,1,18,1,21,1,100,22,97,63,40,33,39,59,2
-5,2,-278,40,1,19,1,21,1,100,22,97,64,40,33,38,59,2
-5,2,-278,40,1,20,1,20,1,100,22,98,64,41,33,38,58,2
-4,2,-278,39,0,21,1,20,1,100,22,99,65,41,33,38,57,2
-3,2,-277,39,0,22,1,20,1,100,23,99,66,41,33,38,57,2
-2,2,-277,38,1,23,1,20,1,100,23,100,67,42,33,37,56,2
-2,2,-276,38,1,24,1,20,1,100,23,100,68,42,33,37,55,2
-1,2,-276,37,1,25,1,20,1,100,23,100,69,43,34,37,54,2
0,2,-275,37,0,26,1,21,1,100,24,100,70,43,34,36,53,2
1,2,-275,36,0,27,1,21,1,100,24,100,72,44,34,36,52,2
1,2,-274,36,0,28,1,21,1,100,25,100,73,45,34,36,51,2
2,2,-274,36,1,29,1,22,1,100,25,100,74,45,34,35,50,2
3,2,-273,35,1,30,1,22,1,100,26,32,76,46,34,35,49,2
3,2,-272,35,1,30,1,23,1,100,27,29,77,47,34,35,48,2
4,2,-272,35,0,31,1,23,1,100,29,28,78,48,34,34,47,2
5,2,-271,34,0,32,1,23,0,100,30,27,79,48,35,34,47,2
5,2,-270,34,0,33,1,24,360,100,32,26,81,49,35,34,46,2
6,2,-270,34,1,33,1,24,360,100,34,26,82,50,35,34,45,2
7,2,-269,34,1,34,1,24,0,100,35,25,83,51,35,33,44,2
7,2,-268,33,0,35,1,24,1,100,37,25,84,51,35,33,44,2
8,2,-268,33,0,35,1,24,1,100,38,24,85,52,35,33,43,2
9,2,-267,33,0,36,1,24,1,100,39,24,87,53,36,33,42,2
9,2,-266,33,0,37,1,24,1,100,40,24,88,54,36,33,42,2
10,2,-266,33,1,37,1,24,1,100,41,24,89,55,36,32,41,2
11,2,-265,33,0,38,1,25,1,100,42,24,90,55,36,32,40,2
11,2,-264,32,0,38,1,25,1,100,43,24,92,56,36,32,40,2
12,2,-263,32,0,39,1,25,1,100,44,24,93,57,37,32,39,2
13,2,-263,32,0,39,1,26,1,100,45,24,94,58,37,32,38,2
13,2,-262,32,1,40,1,26,1,100,46,24,96,60,37,31,37,2
14,2,-261,32,1,40,1,26,1,99,47,25,97,61,37,31,37,2
14,2,-260,32,1,41,1,27,1,99,48,25,98,62,38,31,36,2
15,2,-259,32,1,41,1,27,1,98,48,25,100,63,38,31,35,2
16,2,-259,32,1,42,1,27,0,98,49,26,100,64,38,30,34,2
16,2,-258,32,1,42,1,28,360,97,49,26,100,65,38,30,34,2
17,2,-257,32,1,43,1,28,360,96,50,27,100,66,39,30,33,2
18,2,-256,32,1,43,1,28,360,95,50,28,100,67,39,30,32,2
18,2,-255,32,0,44,1,28,1,95,50,28,100,68,39,29,32,2
19,2,-254,32,0,44,1,28,1,94,50,29,100,69,39,29,31,2
19,2,-253,32,0,44,1,28,1,93,51,30,100,70,39,29,31,2
20,2,-252,32,0,45,1,28,1,92,51,30,100,71,40,28,30,2
21,2,-252,32,1,45,1,28,1,91,51,31,100,72,40,28,29,2
21,2,-251,32,1,46,1,28,1,90,51,32,100,73,40,28,29,2
22,2,-250,32,0,46,1,29,1,89,51,32,100,75,40,27,28,2
23,2,-249,32,0,46,1,29,1,88,51,33,100,76,40,27,27,2
23,2,-248,32,0,47,1,29,1,88,51,33,41,77,40,27,27,2
24,2,-247,32,0,47,1,30,1,87,51,34,39,79,40,26,26,2
25,2,-246,32,1,47,1,30,1,86,52,34,38,80,41,26,26,2
25,2,-245,32,1,48,1,30,1,86,52,35,37,82,41,26,25,2
26,2,-244,32,0,48,1,31,1,85,52,35,37,84,42,25,25,2
26,2,-243,32,0,48,1,32,1,85,52,36,36,85,42,25,24,2
27,2,-242,32,0,48,1,33,1,85,52,36,36,87,42,24,24,2
28,2,-241,32,1,49,1,33,1,86,52,37,36,89,43,24,23,2
28,2,-240,32,1,49,1,34,1,89,52,37,36,92,44,24,23,2
29,2,-239,32,1,49,1,36,1,100,53,38,37,94,45,23,22,2
30,2,-238,32,1,48,1,37,1,100,53,38,37,97,46,23,21,2
30,2,-237,32,1,48,1,39,1,100,53,39,37,100,48,23,21,2
31,2,-236,32,1,48,1,40,1,100,54,39,38,100,49,23,20,2
31,2,-236,32,1,48,1,42,1,100,54,40,38,100,51,22,20,2
32,2,-235,32,0,48,1,43,1,100,54,40,39,100,53,22,20,2
33,2,-234,32,0,48,1,45,1,100,54,40,39,100,55,22,19,2
33,2,-233,32,0,48,1,47,1,100,55,41,39,100,57,22,19,2
34,2,-232,33,0,47,1,49,1,100,55,41,40,100,60,21,19,2
35,2,-231,33,1,47,1,50,1,100,55,41,40,100,62,21,18,2
35,2,-230,33,1,47,360,52,1,100,55,41,40,100,65,21,18,2
36,2,-229,33,1,47,360,54,2,100,55,42,40,100,69,21,18,2
37,2,-228,33,1,46,360,56,2,100,56,42,40,100,72,21,18,2
37,2,-227,33,1,46,360,58,3,100,56,36,41,100,76,21,17,2
38,2,-226,33,0,45,360,60,3,100,45,31,41,55,80,21,17,2
39,2,-225,33,1,44,1,63,3,100,39,28,41,53,84,21,17,2
39,2,-225,33,1,44,1,65,3,100,38,28,41,51,100,21,17,2
40,2,-224,33,1,43,1,67,3,100,38,30,41,51,100,21,17,2
41,2,-223,33,0,43,1,69,3,96,39,32,41,51,100,22,17,2
41,2,-222,33,0,42,1,71,3,91,40,34,41,51,100,22,17,2
42,2,-221,33,0,41,1,74,3,87,47,37,41,51,100,22,17,2
43,2,-220,33,0,40,1,76,2,83,55,42,40,50,100,23,17,2
43,2,-220,34,0,40,1,78,2,79,60,42,40,50,100,23,17,2
44,2,-219,34,1,39,1,79,2,76,92,42,40,50,100,23,17,2
45,2,-218,35,1,39,360,80,1,73,100,42,40,50,100,23,17,2
45,2,-217,35,1,38,360,82,1,71,100,42,40,50,100,23,18,2
46,2,-217,35,0,37,360,82,1,70,100,41,40,51,100,22,18,2
47,2,-216,35,0,36,360,83,1,69,100,41,40,51,100,22,18,2
47,2,-215,36,0,36,360,83,1,69,100,41,40,51,100,22,19,2
48,2,-215,36,0,35,1,84,360,68,100,40,40,52,100,21,20,2
49,2,-214,37,1,34,1,84,360,68,100,40,40,52,100,21,20,2
50,2,-213,38,1,34,1,83,360,69,100,39,40,53,100,20,22,2
50,2,-213,38,1,33,1,83,360,69,100,39,40,54,100,20,23,2
51,2,-212,38,1,32,1,82,360,70,100,38,40,54,100,20,24,2
52,2,-211,37,0,32,1,82,360,71,100,38,40,55,100,19,25,2
53,2,-211,37,0,31,1,81,360,72,100,37,40,56,100,19,27,2
53,2,-210,37,0,30,1,79,360,73,100,37,41,58,100,19,28,2
54,2,-209,38,0,30,1,78,360,75,100,37,41,59,100,19,29,2
55,2,-209,39,1,30,1,77,360,76,100,36,41,61,100,20,31,2
56,2,-208,39,1,29,1,75,360,77,100,36,42,62,100,20,32,2
56,2,-208,40,1,29,1,74,360,78,49,36,42,64,100,20,33,2
57,2,-207,40,0,28,1,72,360,80,45,35,43,66,100,21,35,2
58,2,-207,40,0,28,1,70,360,81,43,35,43,68,100,21,36,2
59,2,-206,40,0,28,1,69,360,82,41,35,44,70,100,22,38,2
60,2,-206,41,1,28,1,67,360,84,39,35,45,72,100,23,39,2
60,2,-205,41,1,27,1,65,360,85,38,34,46,74,93,24,41,2
61,2,-204,41,1,27,1,63,360,86,36,34,47,76,30,25,42,2
62,2,-204,41,0,27,1,61,360,87,35,34,48,79,28,25,43,2
63,2,-203,41,0,27,1,59,360,89,34,34,49,82,27,26,45,2
64,2,-203,41,0,27,1,57,360,90,33,34,51,86,26,27,46,2
64,2,-202,41,1,27,1,55,360,91,32,35,52,93,26,28,48,2
65,2,-202,42,1,27,1,53,360,92,32,35,53,100,25,29,49,2
66,2,-201,42,1,27,1,51,360,92,31,35,55,100,26,29,50,2
67,2,-201,42,0,28,1,50,360,93,30,35,57,100,26,30,51,2
68,2,-200,42,0,28,1,48,360,93,30,35,58,100,26,31,52,2
69,2,-200,42,0,28,1,47,360,94,29,35,60,100,27,31,53,2
69,2,-199,42,1,29,1,45,360,94,28,35,61,100,27,32,54,2
70,2,-198,43,1,29,1,44,360,94,28,35,63,100,28,33,54,2
71,2,-198,43,1,30,1,43,360,94,27,35,64,100,28,33,55,2
72,2,-197,43,0,30,1,42,360,93,27,35,65,100,29,34,55,2
73,2,-197,43,0,31,1,41,360,93,27,35,67,100,29,34,55,2
74,2,-196,43,0,31,1,40,360,93,26,35,68,100,30,34,55,2
74,2,-195,43,1,32,1,39,360,92,26,35,70,100,30,35,55,2
75,2,-195,43,1,32,1,38,360,92,25,35,71,100,31,35,55,2
76,2,-194,43,0,33,1,37,360,92,25,35,73,100,31,35,55,2
77,2,-194,43,0,33,1,36,360,91,24,35,74,100,32,36,55,2
78,2,-193,43,0,34,1,35,360,91,24,35,76,100,32,36,55,2
79,2,-192,43,1,34,1,34,360,90,24,35,77,100,32,36,55,2
80,2,-191,43,1,35,1,33,360,89,23,34,79,47,33,37,55,2
80,2,-191,43,1,35,1,33,360,89,23,34,80,45,33,37,55,2
81,2,-190,42,0,36,1,32,360,88,23,34,81,45,34,37,55,2
82,2,-189,42,0,36,1,31,360,87,23,33,83,45,34,37,55,2
83,2,-189,42,1,37,1,31,360,87,23,33,84,45,34,37,54,2
84,2,-188,42,1,37,1,30,360,86,22,32,86,45,35,37,54,2
85,2,-187,42,1,38,1,29,360,85,22,32,87,45,35,37,54,2
85,2,-186,42,1,38,1,28,360,85,22,31,89,46,35,37,53,2
86,2,-186,41,0,39,1,28,360,84,22,31,91,46,36,38,53,2
87,2,-185,41,0,39,1,27,360,83,22,30,93,46,36,38,53,2
88,2,-184,41,1,40,1,26,360,83,22,30,95,47,36,38,53,2
89,2,-183,40,1,40,1,25,360,83,22,29,97,47,36,38,53,2
89,2,-182,40,1,41,1,23,360,82,22,29,99,48,36,38,52,2
90,2,-182,40,1,41,1,22,360,82,22,28,100,48,37,38,52,2
91,2,-181,39,1,40,1,21,360,82,22,28,100,48,37,38,52,2
92,2,-180,38,0,39,1,19,360,81,22,28,100,48,37,38,52,2
92,2,-179,37,1,39,360,18,360,81,22,27,100,48,37,38,52,2
93,2,-179,36,1,38,360,16,360,81,22,27,100,48,37,38,52,2
94,2,-178,36,1,37,1,15,360,81,22,27,100,48,37,38,52,2
95,2,-177,35,0,36,1,13,360,81,22,27,100,48,37,38,52,2
95,2,-176,34,0,37,1,12,360,81,23,27,100,48,37,38,52,2
96,2,-176,34,0,37,1,10,360,81,23,28,100,48,37,38,52,2
97,2,-175,33,1,38,1,8,360,81,23,28,100,48,36,38,52,2
97,2,-174,33,1,38,1,6,360,82,23,29,100,48,36,37,52,2
98,2,-173,32,1,38,1,5,360,82,23,30,100,47,36,37,52,2
98,2,-173,31,1,39,1,3,360,82,23,32,100,47,36,37,52,2
99,2,-172,31,0,39,1,1,360,83,23,38,100,47,36,37,52,2
100,2,-171,30,0,39,1,359,360,83,23,45,100,46,36,37,52,2
100,2,-170,29,0,40,1,357,360,83,23,52,100,46,35,37,52,2
101,2,-169,28,0,40,1,355,360,84,23,58,100,46,35,37,53,2
101,2,-169,28,1,40,1,353,360,84,23,65,79,45,35,37,53,2
102,2,-168,27,0,40,1,351,360,85,23,71,73,45,35,37,53,2
102,2,-167,26,0,41,1,349,360,85,23,77,71,44,34,37,53,2
103,2,-166,25,0,41,1,347,360,86,23,83,71,44,34,37,53,2
103,2,-165,24,1,42,1,345,360,86,23,88,70,43,34,37,54,2
104,2,-165,23,1,42,1,343,360,87,23,94,70,43,34,37,54,2
104,2,-164,22,1,42,1,341,360,87,23,99,69,43,33,36,54,2
105,2,-163,21,1,42,1,339,360,88,24,100,68,42,33,36,54,2
105,2,-162,20,0,42,1,337,360,88,24,100,68,42,33,36,54,2
105,2,-161,19,0,43,1,335,360,89,24,100,67,41,33,36,55,2
106,2,-160,18,0,43,1,333,360,89,24,100,67,41,32,36,55,2
106,2,-160,17,1,43,1,332,360,90,24,100,66,41,32,36,55,2
106,2,-159,16,1,43,1,330,360,92,24,100,66,40,32,36,55,2
107,2,-158,15,0,43,1,328,360,95,24,100,65,40,32,36,55,2
107,2,-157,13,0,44,1,326,360,100,24,100,65,39,32,36,56,2
107,2,-156,12,1,44,1,325,360,100,24,100,64,39,32,36,56,2
107,2,-155,11,1,44,1,323,360,100,25,100,64,39,31,36,56,2
108,2,-154,10,0,44,1,321,360,100,25,100,63,38,31,36,56,2
108,2,-154,8,0,44,1,319,360,100,25,100,63,38,31,36,56,2
108,2,-153,7,0,44,1,318,360,100,25,100,62,38,31,36,57,2
108,2,-152,6,1,44,1,316,360,100,25,100,62,38,31,36,57,2
108,2,-151,5,1,44,1,315,360,100,25,100,61,37,31,36,57,2
108,2,-150,3,1,44,1,313,360,100,25,100,61,37,30,36,57,3
108,2,-149,2,0,44,1,312,360,100,25,100,61,37,30,35,57,3
108,2,-148,1,0,44,1,310,360,100,25,100,60,37,30,35,57,3
108,2,-147,0,0,44,1,309,360,100,26,100,60,37,30,35,57,3
108,2,-147,-2,0,44,1,308,360,100,26,100,60,36,30,35,57,3
108,2,-146,-3,1,43,1,307,360,100,26,100,60,36,30,35,57,3
108,2,-145,-4,1,43,1,306,360,100,26,100,60,36,30,35,57,3
108,2,-144,-5,0,43,1,305,360,100,26,100,60,36,30,35,57,3
108,2,-143,-7,0,43,1,304,360,100,26,100,60,36,30,35,57,3
107,2,-142,-8,0,42,1,303,360,100,26,100,61,36,30,35,57,3
107,2,-142,-9,1,42,1,302,360,100,26,100,61,36,30,35,56,3
107,2,-141,-10,1,42,1,301,360,100,26,100,61,36,30,35,56,3
107,2,-140,-11,1,41,1,300,360,100,26,100,61,36,30,35,56,3
107,2,-139,-12,1,41,1,299,360,100,26,100,61,36,30,35,56,3
106,2,-138,-13,0,41,1,298,360,100,26,100,61,36,29,35,56,3
106,2,-138,-15,0,40,1,296,360,100,26,99,61,36,29,35,56,3
106,2,-137,-16,1,40,1,295,360,100,26,99,61,36,30,35,56,3
105,2,-136,-17,1,39,1,294,360,100,26,99,60,36,29,35,56,3
105,2,-135,-18,0,39,1,293,360,100,26,99,60,36,29,35,56,3
105,2,-134,-19,0,39,1,291,360,100,26,98,60,36,29,35,57,3
104,2,-134,-20,0,38,1,290,360,100,26,98,60,36,30,35,57,3
104,2,-133,-21,0,38,1,289,360,100,26,98,60,36,30,35,57,3
103,2,-132,-22,0,37,1,288,360,100,26,98,60,36,30,35,57,3
103,2,-131,-23,1,37,1,287,360,100,26,98,60,36,30,35,57,3
102,2,-131,-24,1,36,1,286,360,100,26,98,60,36,30,35,57,3
102,2,-130,-25,0,35,1,285,360,98,26,99,61,36,30,35,57,3
101,2,-129,-26,0,35,1,284,360,97,26,99,61,37,30,35,56,3
101,2,-129,-26,0,34,1,283,360,95,26,99,61,37,30,35,56,3
100,2,-128,-27,0,34,1,283,360,94,26,99,62,37,30,35,56,3
100,2,-127,-28,0,33,1,282,360,93,26,100,62,37,30,35,55,3
99,2,-127,-29,0,33,1,282,360,92,26,100,63,37,30,35,55,3
98,2,-126,-30,0,32,1,281,0,91,26,100,63,38,30,34,55,3
98,2,-125,-31,0,31,1,281,1,90,26,100,64,38,30,34,54,3
97,2,-125,-32,0,31,1,281,1,89,26,100,65,39,30,34,53,3
97,2,-124,-32,0,30,1,280,1,89,26,100,66,39,30,34,53,3
96,2,-124,-33,1,30,1,280,1,88,26,100,67,39,31,34,52,3
95,2,-123,-34,1,29,1,280,0,88,26,100,67,40,31,34,52,3
94,2,-123,-35,1,29,1,280,360,87,27,100,68,40,31,34,51,3
94,2,-122,-35,0,28,1,280,360,87,27,100,69,41,31,33,51,3
93,2,-121,-36,0,28,1,280,1,86,27,100,70,41,31,33,50,3
92,2,-121,-37,0,27,1,280,1,86,27,100,71,42,31,33,49,3
92,2,-120,-37,0,27,1,280,1,85,28,100,73,43,31,33,49,3
91,2,-120,-38,0,26,1,280,1,85,29,100,74,43,32,33,48,3
90,2,-119,-39,0,26,1,280,1,85,29,100,75,44,32,33,47,3
89,2,-119,-39,0,26,1,280,1,85,30,34,76,45,32,32,47,3
88,2,-118,-40,1,25,1,281,1,85,31,32,78,46,32,32,46,3
88,2,-118,-40,1,25,1,281,1,85,32,30,79,47,32,32,45,3
87,2,-117,-41,0,25,1,282,1,85,33,29,81,47,33,32,44,3
86,2,-117,-42,0,24,1,282,1,85,34,28,82,49,33,32,43,3
85,2,-116,-42,0,24,1,283,1,85,35,27,84,50,33,31,42,3
84,2,-116,-43,0,24,1,284,1,85,36,26,86,51,34,31,42,3
83,2,-116,-43,1,24,1,285,1,86,38,26,88,52,34,31,41,3
82,2,-115,-43,1,23,1,286,1,86,39,26,90,54,35,31,40,3
82,2,-115,-44,1,23,1,287,1,87,40,25,92,55,35,31,39,3
81,2,-114,-44,1,23,1,288,1,88,41,25,94,57,36,31,38,3
80,2,-114,-44,1,23,1,290,1,88,42,25,96,59,36,30,37,3
79,2,-113,-44,0,23,1,291,1,89,44,25,98,61,37,30,36,3
78,2,-113,-44,0,22,1,293,1,90,45,26,100,63,38,30,35,3
77,2,-112,-44,0,22,1,294,1,91,46,26,100,66,39,30,34,3
76,2,-112,-45,0,22,1,296,1,91,47,27,100,68,39,30,33,3
75,2,-112,-45,1,23,1,297,1,92,48,28,100,70,40,30,32,3
74,2,-111,-45,1,23,1,298,1,89,49,29,100,72,41,30,32,3
73,2,-111,-46,1,23,1,300,1,85,50,29,100,74,42,30,31,3
72,2,-110,-46,0,23,1,301,1,81,50,30,39,76,43,30,30,3
72,2,-110,-46,0,23,1,302,1,78,51,30,34,78,44,30,30,3
71,2,-109,-47,0,24,1,303,1,77,52,31,32,81,45,30,29,3
70,2,-109,-47,1,24,1,304,1,77,52,32,31,83,46,30,28,3
69,2,-108,-47,1,24,1,306,1,77,53,32,31,85,47,30,28,3
68,2,-108,-46,1,24,1,307,1,77,54,33,30,88,48,30,27,3
67,2,-107,-46,1,24,1,309,1,78,54,34,30,91,50,30,27,3
66,2,-107,-46,1,24,1,311,1,78,55,34,30,93,52,30,26,3
65,2,-106,-46,1,25,1,312,1,79,56,35,30,96,54,31,26,3
64,2,-106,-46,1,25,1,314,1,80,57,35,31,99,55,31,25,3
63,2,-105,-46,1,25,1,316,1,82,57,36,31,100,58,31,25,3
62,2,-105,-46,1,25,1,318,1,83,58,37,31,100,60,31,24,3
61,2,-104,-45,0,26,1,320,1,85,59,37,32,100,62,32,24,3
60,2,-104,-45,0,26,1,322,1,87,60,38,32,100,65,32,23,3
59,2,-103,-45,0,26,1,324,1,87,60,38,33,100,68,33,23,3
59,2,-103,-44,0,27,1,326,1,86,61,39,33,100,70,33,23,3
58,2,-102,-44,0,27,1,328,1,40,61,39,33,100,73,34,22,3
57,2,-102,-44,1,28,1,330,1,39,62,40,34,100,76,35,22,3
56,2,-101,-43,0,28,1,332,1,37,63,40,34,45,79,36,22,3
55,2,-101,-43,0,28,1,334,1,36,63,41,34,42,82,36,21,3
54,2,-100,-42,0,29,1,336,1,35,64,41,35,41,85,37,21,3
53,2,-100,-42,0,29,1,338,1,34,64,42,35,40,89,38,21,3
53,2,-99,-42,0,30,1,339,1,33,64,42,35,40,91,39,21,3
52,2,-98,-41,1,31,1,341,1,32,64,42,35,41,94,40,20,3
51,2,-98,-41,1,32,1,342,1,31,63,42,36,41,97,40,20,3
50,2,-97,-40,1,32,1,343,1,30,60,43,36,41,99,41,20,3
49,2,-96,-40,0,33,1,344,1,29,56,43,36,41,100,41,20,3
48,2,-96,-39,0,34,1,346,1,28,53,43,36,42,100,42,19,3
48,2,-95,-39,1,34,1,346,1,27,50,43,37,42,100,42,19,3
47,2,-94,-38,1,35,1,347,1,27,48,43,37,43,100,42,19,3
46,2,-94,-38,1,36,1,348,1,26,47,43,37,43,100,42,19,3
45,2,-93,-37,0,37,1,348,1,25,47,42,37,44,100,42,19,3
45,2,-92,-37,0,37,1,349,1,24,46,42,37,44,100,42,18,3
44,2,-92,-36,0,38,1,349,360,24,46,42,37,45,100,41,18,3
43,2,-91,-35,1,39,1,350,360,23,45,42,38,45,100,40,18,3
42,2,-90,-35,1,39,1,350,360,22,44,42,38,46,100,39,18,3
42,2,-89,-34,1,40,1,350,1,21,43,42,38,46,100,37,18,3
41,2,-88,-34,0,40,1,350,1,20,43,41,38,47,100,36,18,3
40,2,-88,-33,0,41,1,351,1,19,42,41,38,47,100,34,18,3
40,2,-87,-33,0,42,1,351,1,19,41,41,38,48,100,31,19,3
39,2,-86,-32,1,42,1,351,1,18,41,41,39,49,100,28,19,3
38,2,-85,-32,1,43,1,352,1,17,40,40,39,49,100,26,19,3
38,2,-84,-31,1,43,1,352,1,16,40,40,39,50,100,24,19,3
37,2,-83,-31,0,44,1,353,1,53,39,40,39,50,100,23,19,3
37,2,-82,-30,0,45,1,353,1,52,39,40,39,51,100,22,18,3
36,2,-82,-30,0,45,1,354,1,51,38,40,39,51,100,22,17,3
35,2,-81,-29,1,46,1,355,1,50,38,39,39,52,100,21,16,3
35,2,-80,-29,1,46,1,355,1,49,37,39,39,52,100,21,15,3
34,2,-79,-28,0,47,1,356,1,48,37,39,39,53,100,21,13,3
34,2,-78,-28,0,47,1,356,1,47,36,39,39,53,100,20,12,3
33,2,-77,-27,0,48,1,357,1,46,36,38,39,53,100,20,11,3
33,2,-76,-26,1,48,1,357,1,45,36,38,40,54,100,20,10,3
32,2,-75,-26,1,48,1,358,1,44,35,38,40,54,100,20,9,3
32,2,-74,-25,1,49,1,358,1,43,35,38,40,55,100,20,7,3
31,2,-73,-25,0,49,1,358,1,42,34,37,40,56,100,20,7,3
31,2,-72,-24,0,50,1,359,1,41,33,37,40,56,100,20,7,3
30,2,-71,-24,0,50,1,359,1,40,33,37,40,57,100,20,8,3
30,2,-70,-23,0,51,1,359,1,39,32,36,40,57,100,20,9,4
29,2,-69,-23,0,51,1,360,1,38,32,23,40,58,100,12,9,4
29,2,-68,-22,0,51,1,360,1,37,31,23,40,58,100,7,10,4
28,2,-67,-22,0,52,1,360,1,36,31,22,40,59,100,8,10,4
28,2,-66,-21,0,52,1,1,1,35,31,22,40,59,100,8,11,4
27,2,-65,-21,1,53,1,1,1,34,30,21,39,60,100,8,11,4
27,2,-64,-20,0,53,1,2,1,33,30,21,39,60,100,9,12,4
27,2,-63,-20,0,53,1,3,1,31,30,21,39,61,100,9,12,4
26,2,-62,-19,1,53,1,3,1,30,30,20,39,61,100,10,13,4
26,2,-61,-19,1,53,1,3,1,29,29,20,39,61,100,10,13,4
25,2,-60,-18,1,53,1,4,360,30,29,19,39,62,100,10,14,4
25,2,-59,-18,0,52,360,4,360,30,28,19,39,63,100,11,14,4
25,2,-58,-17,1,53,360,4,360,30,28,19,39,63,100,11,14,4
24,2,-57,-16,1,53,360,4,360,30,28,18,38,64,100,11,15,4
24,2,-56,-16,2,53,360,5,360,30,27,18,38,64,18,12,15,4
24,2,-55,-16,2,53,360,5,360,31,27,18,23,65,18,12,16,4
23,2,-53,-15,1,53,359,5,360,31,26,18,23,66,19,12,16,4
23,2,-52,-15,1,54,359,5,360,30,26,17,22,66,19,13,16,4
23,2,-51,-14,2,54,359,5,360,28,25,17,22,67,20,13,17,4
23,2,-50,-14,2,54,359,5,360,28,25,17,22,68,20,13,17,4
22,2,-49,-13,3,54,359,5,360,29,25,16,21,61,20,14,17,4
22,2,-48,-13,2,54,359,5,360,30,24,16,21,49,21,14,18,4
22,2,-47,-12,2,54,358,5,360,31,24,16,21,43,21,14,18,4
21,2,-46,-12,2,54,358,5,360,30,23,15,20,44,22,14,18,4
21,2,-45,-11,3,54,358,5,360,29,23,15,20,46,22,14,19,4
21,2,-44,-11,3,55,358,5,360,28,23,15,20,46,22,15,19,4
21,2,-43,-11,4,54,358,5,360,29,22,15,19,42,23,15,19,4
21,2,-42,-10,3,54,358,5,360,30,22,15,19,38,23,15,20,4
20,2,-41,-10,3,54,357,5,360,30,22,14,19,36,23,15,20,4
20,3,-40,-10,3,55,357,5,360,29,21,14,19,36,24,16,20,4
20,3,-38,-9,4,55,357,5,360,28,21,14,18,38,24,16,20,4
20,3,-37,-9,5,55,357,5,360,28,21,14,18,37,24,16,21,4
20,3,-36,-9,5,55,357,5,360,29,21,14,18,35,25,16,21,4
19,3,-35,-8,4,54,356,5,360,30,20,13,17,33,25,16,21,4
19,3,-34,-8,4,55,356,5,360,30,20,13,17,33,25,16,21,4
19,3,-33,-8,4,55,356,5,360,29,20,13,17,34,25,17,22,4
19,3,-32,-7,5,55,356,5,360,28,19,13,17,35,25,17,22,4
19,3,-31,-7,6,55,356,5,360,29,19,13,17,34,26,17,22,4
19,3,-30,-7,6,55,356,5,360,30,19,13,16,33,26,17,22,4
19,3,-29,-6,5,55,355,5,360,30,19,12,16,32,26,17,22,4
18,3,-28,-6,5,55,355,5,360,29,19,12,16,33,26,17,23,4
18,4,-27,-6,6,56,355,5,360,28,18,12,16,34,26,17,23,4
18,4,-25,-6,6,56,355,5,360,28,18,12,16,34,27,18,23,4
18,4,-24,-5,7,55,355,5,360,30,18,12,16,33,27,18,23,4
18,4,-23,-5,6,55,354,5,360,33,18,12,15,32,27,18,23,4
18,4,-22,-5,6,55,354,5,360,35,18,12,15,32,27,18,23,4
18,4,-21,-5,7,55,354,5,360,33,17,12,15,33,27,18,24,4
18,4,-20,-4,7,55,354,5,360,33,17,12,15,34,27,18,24,4
17,4,-19,-4,7,55,354,5,360,100,17,11,15,34,27,18,24,4
17,5,-18,-4,7,55,353,5,360,100,17,11,15,32,28,18,24,4
17,5,-17,-4,7,55,353,4,360,100,17,11,15,32,28,18,24,4
17,5,-16,-4,7,55,353,4,360,100,17,11,15,32,28,18,24,4
17,5,-15,-3,8,55,353,4,360,100,17,11,15,34,28,19,24,4
17,5,-13,-3,8,56,353,4,360,100,16,11,14,34,28,19,25,4
17,5,-12,-3,9,55,353,4,360,100,16,11,14,33,28,19,25,4
17,5,-11,-3,8,55,352,4,360,100,16,11,14,31,28,19,25,4
17,6,-10,-3,8,55,352,4,360,100,16,11,14,31,28,19,25,4
17,6,-9,-3,9,55,352,4,360,100,16,11,14,33,28,19,25,4
17,6,-8,-2,9,55,352,4,360,100,16,11,14,34,28,19,25,4
17,6,-7,-2,10,55,352,4,360,100,16,11,14,33,28,19,25,4
17,6,-6,-2,9,55,351,4,360,100,16,11,14,32,28,19,25,4
17,7,-5,-2,9,55,351,4,360,100,16,11,14,31,28,19,25,4
17,7,-4,-2,10,55,351,4,360,100,15,10,14,32,28,19,25,4
16,7,-3,-2,10,55,351,4,360,100,15,10,14,33,28,19,25,4
16,7,-2,-1,10,55,351,4,360,100,15,10,14,34,29,19,26,4
16,7,0,-1,10,55,351,4,360,100,15,10,14,34,29,19,26,4
16,7,1,-1,10,55,351,4,360,100,15,10,14,34,29,19,26,4
16,8,2,-1,10,55,350,4,360,100,15,10,14,34,29,19,26,4
16,8,3,-1,10,55,351,4,360,100,15,10,14,36,29,19,26,4
16,8,4,-1,10,55,351,4,360,100,15,10,14,39,29,19,26,4
16,8,5,-1,9,54,351,4,360,100,15,10,14,43,29,19,26,4
16,8,6,-1,9,55,352,4,360,100,15,10,14,47,29,19,26,4
16,9,7,-1,9,54,352,4,360,100,15,10,13,50,29,19,26,4
16,9,8,-1,9,54,352,4,360,100,15,10,13,51,29,19,26,4
16,9,9,0,9,54,352,4,360,100,15,10,13,52,29,19,26,4
16,9,10,0,9,54,352,4,360,100,15,10,13,56,29,20,26,4
16,9,12,0,8,54,352,4,360,100,15,10,13,62,29,20,26,4
16,9,13,0,8,54,353,5,360,100,15,10,13,66,29,20,26,4
16,10,14,0,8,53,353,5,360,100,15,10,13,68,30,20,26,4
16,10,15,0,7,53,353,5,360,100,15,10,13,70,30,20,26,4
16,10,16,0,7,53,353,5,360,100,15,10,13,72,30,20,26,4
16,10,17,0,7,54,353,5,360,100,15,10,13,78,30,20,25,4
16,10,18,0,7,54,354,5,360,100,15,10,13,83,30,20,25,4
16,10,19,0,7,53,354,5,360,100,15,10,13,86,30,20,25,4
16,10,20,1,7,53,354,5,360,100,15,10,13,88,30,20,25,4
16,10,21,1,6,52,354,5,360,100,15,10,13,90,30,20,25,4
16,11,22,1,6,52,354,5,360,100,15,10,13,93,30,20,25,4
16,11,23,1,6,52,355,5,360,100,15,10,13,100,30,20,25,4
16,11,24,1,6,53,355,5,360,100,15,10,13,100,30,20,25,4
16,11,25,1,6,52,355,5,360,100,15,10,13,100,30,20,25,4
16,11,26,1,6,52,355,5,360,100,15,10,13,100,30,20,25,4
16,11,27,1,5,51,355,5,360,100,15,10,13,100,30,20,25,4
16,11,28,1,5,50,355,5,360,100,15,10,13,100,30,20,25,4
16,11,29,1,5,51,356,5,360,100,15,10,13,100,30,20,25,4
16,11,30,1,5,51,356,5,360,100,15,10,13,100,30,19,25,4
16,11,31,1,5,51,356,5,360,100,15,10,13,100,30,19,25,4
16,11,32,1,4,50,356,5,360,100,15,10,13,100,30,19,25,4
16,12,33,1,4,50,356,5,360,100,15,10,13,100,30,19,25,4
16,12,34,2,4,50,357,5,360,100,15,10,13,100,29,19,25,4
16,12,35,2,4,50,357,5,360,100,15,10,13,100,29,19,25,4
16,12,36,2,4,51,357,5,360,100,15,10,13,100,29,19,25,4
16,12,37,2,4,50,357,5,360,100,16,10,13,100,29,19,25,4
16,12,38,2,3,50,357,5,360,100,16,10,13,100,29,19,25,4
16,12,39,2,3,49,357,5,360,100,16,10,13,100,29,19,25,4
16,12,40,2,3,49,358,5,360,100,16,10,13,100,29,19,25,4
16,12,41,2,3,49,358,5,360,100,16,10,13,100,29,19,25,4
16,12,42,2,3,50,358,5,360,100,16,10,14,100,29,19,25,4
17,12,43,2,3,49,358,5,360,100,16,10,14,100,29,19,25,4
17,12,44,2,3,49,358,5,360,100,16,11,14,100,29,19,25,4
17,12,45,2,2,49,358,5,360,100,16,11,14,100,29,19,25,4
17,12,46,2,2,48,359,5,360,100,16,11,14,100,29,19,25,4
17,12,47,2,2,49,359,5,360,100,16,11,14,100,29,19,25,4
17,12,48,2,2,49,359,5,360,100,16,11,14,100,29,19,25,4
17,12,49,2,2,49,359,5,360,100,16,11,14,100,29,19,25,4
17,12,50,2,2,49,359,5,360,100,16,11,14,100,29,19,25,4
17,12,51,2,1,48,359,5,360,100,16,11,14,100,29,19,25,4
17,12,52,2,1,48,360,5,360,100,16,11,14,100,29,19,25,4
17,12,53,3,1,49,360,5,360,100,16,11,14,100,29,19,25,4
17,12,54,3,1,49,360,5,360,100,16,11,14,100,28,19,25,4
17,12,55,3,1,49,1,5,360,100,16,11,14,100,28,19,24,4
17,12,56,3,2,48,360,5,360,100,16,11,14,100,28,19,24,4
17,12,57,3,1,48,360,5,360,100,17,11,14,100,28,19,24,4
17,12,58,3,1,47,360,5,1,100,17,11,14,100,28,19,24,4
17,12,59,3,0,47,360,5,1,100,17,11,14,100,28,19,24,4
17,12,59,3,0,47,360,5,1,100,17,11,14,100,28,19,24,4
17,12,60,3,1,48,1,5,1,100,17,11,15,100,28,18,24,4
17,12,61,3,1,48,1,5,1,100,17,11,15,100,28,18,24,4
17,12,62,3,1,48,1,5,0,100,17,11,15,100,28,18,24,4
17,12,63,3,1,48,1,5,360,100,17,11,15,100,28,18,24,4
17,12,64,3,0,47,1,5,0,100,17,11,15,100,28,18,24,4
17,12,65,3,0,47,1,5,0,100,17,11,15,100,28,18,24,4
17,12,66,3,0,47,1,5,1,100,17,11,15,100,28,18,24,4
18,12,67,3,0,47,360,5,1,100,17,12,15,100,28,18,24,4
18,12,68,3,1,48,1,5,1,100,17,12,15,100,28,18,24,4
18,12,69,3,1,48,1,5,1,100,18,12,15,100,27,18,23,4
18,12,70,3,0,48,1,5,1,100,18,12,15,100,27,18,23,4
18,12,71,3,0,48,1,5,1,100,18,12,15,100,27,18,23,4
18,12,72,3,0,49,1,5,1,100,18,12,15,100,27,18,23,4
18,12,73,3,1,49,1,5,360,100,18,12,15,100,27,18,23,4
18,12,74,3,1,49,1,5,360,100,18,12,15,100,27,18,23,4
18,12,75,3,1,50,1,5,360,100,18,12,15,100,27,18,23,4
18,12,76,3,0,50,1,5,0,100,18,12,15,100,27,18,23,4
18,12,77,4,0,51,1,5,0,100,18,12,16,100,27,18,23,4
18,12,78,4,0,51,1,5,360,100,18,12,16,100,27,18,23,4
18,12,79,4,1,52,1,5,360,100,19,12,16,100,27,17,23,4
18,12,80,4,1,52,1,5,360,100,19,12,16,100,26,17,23,4
18,12,81,4,1,52,1,5,360,100,19,12,16,100,26,17,23,4
18,12,82,4,0,53,1,5,360,100,19,12,16,100,26,17,23,4
18,12,83,4,0,53,1,4,360,100,19,12,16,100,26,17,23,4
19,12,84,4,0,53,1,4,360,100,19,13,16,100,26,17,23,4
19,12,85,4,1,54,1,4,1,100,19,13,17,100,25,17,23,4
19,12,86,4,1,54,1,4,1,100,19,13,17,100,25,17,22,4
19,12,87,4,1,54,1,4,1,100,19,13,17,100,25,17,22,4
19,12,88,4,0,55,1,4,1,100,19,13,17,100,25,17,22,4
19,12,89,4,0,55,1,4,0,100,19,13,17,100,25,17,22,4
19,12,90,4,1,55,1,4,360,100,19,13,17,100,25,17,22,4
19,12,92,4,1,56,1,4,360,100,19,13,17,100,25,17,22,4
19,12,93,4,1,56,1,4,360,100,19,13,17,100,24,17,22,4
19,12,94,4,0,56,1,4,0,100,19,13,17,100,24,16,22,4
19,12,95,4,0,57,1,3,1,100,19,13,18,100,24,16,22,4
19,12,96,4,0,57,1,3,1,100,20,13,18,100,24,16,22,4
19,12,97,4,1,57,1,3,1,100,20,13,18,100,24,16,22,4
19,12,98,4,1,57,1,3,1,100,20,13,18,100,24,16,22,4
20,12,99,4,1,58,1,3,1,100,20,13,18,100,24,16,22,4
20,12,101,4,0,58,1,3,0,100,20,14,18,100,24,16,21,4
20,12,102,4,0,58,1,3,0,100,20,14,18,100,24,16,21,4
20,12,103,4,0,59,1,3,1,100,20,14,18,100,23,16,21,4
20,12,104,4,1,59,1,3,1,100,20,14,18,100,23,16,21,4
20,12,105,4,1,59,1,3,1,100,20,14,18,100,23,16,21,4
20,12,106,4,1,59,1,3,1,100,20,14,19,100,23,16,21,4
20,12,108,4,0,59,1,3,1,100,21,14,19,100,23,16,21,4
20,12,109,4,0,60,1,3,1,100,21,14,19,100,23,16,21,4
20,12,110,4,1,60,1,3,360,100,21,14,19,100,23,15,21,4
20,12,111,4,1,60,1,3,360,100,21,14,19,100,23,15,21,4
20,12,112,4,1,60,1,3,360,100,21,14,19,100,22,15,21,4
20,12,114,4,0,61,1,3,360,100,21,14,19,100,22,15,21,4
20,12,115,4,0,61,1,3,360,100,21,14,19,100,22,15,21,4
21,12,116,4,0,61,1,2,360,100,21,14,20,100,22,15,20,4
21,12,117,4,1,61,1,2,360,100,21,15,20,100,22,15,20,4
21,12,118,4,1,61,1,2,1,100,21,15,20,100,22,15,20,4
21,12,120,4,1,62,1,2,1,100,21,15,20,100,21,15,20,4
21,12,121,4,0,62,1,2,1,100,21,15,20,100,21,15,20,4
21,12,122,4,0,62,1,2,1,100,21,15,20,100,21,15,20,4
21,12,123,4,1,62,1,2,1,100,21,15,20,100,21,15,20,4
21,12,125,4,1,62,1,2,360,100,21,15,20,100,21,15,20,4
21,12,126,4,1,63,1,2,360,100,21,15,21,100,21,15,20,4
21,12,127,4,0,63,1,2,360,100,21,15,21,100,21,15,20,4
21,12,128,4,0,63,1,2,0,100,22,15,21,100,21,14,20,4
21,12,130,4,0,63,1,2,1,100,22,15,21,100,21,14,20,4
21,12,131,4,1,63,1,2,1,100,22,15,21,100,20,14,20,4
21,12,132,3,1,63,1,1,1,100,22,15,21,100,20,14,20,4
21,12,133,3,1,64,1,1,1,100,22,15,21,100,20,14,20,4
21,12,135,3,0,64,1,1,1,100,22,15,21,100,20,14,19,4
22,12,136,3,0,64,1,1,0,100,22,15,21,100,20,14,19,4
22,12,137,3,0,64,1,1,0,100,22,16,21,100,20,14,19,4
22,12,138,3,1,64,1,1,0,100,22,16,21,100,20,14,19,4
22,12,140,3,1,64,1,1,1,100,22,16,22,100,20,14,19,4
22,12,141,3,0,64,1,1,1,100,22,16,22,100,20,14,19,4
22,12,142,3,0,65,1,1,1,100,22,16,22,100,20,14,19,4
22,12,144,3,0,65,1,1,1,100,22,16,22,100,20,14,19,4
22,12,145,3,1,65,1,1,360,100,23,16,22,100,19,14,19,4
22,12,146,3,1,65,1,1,360,100,23,16,22,100,19,14,19,4
22,12,147,3,1,65,1,1,360,100,23,16,22,100,19,14,19,4
22,12,149,3,1,65,1,1,360,100,23,16,22,100,19,14,19,4
22,12,150,3,1,65,1,1,360,100,23,16,22,100,19,14,19,4
22,12,151,3,1,65,1,360,360,100,23,16,23,100,19,13,19,4
22,12,153,3,1,66,1,360,360,100,22,16,23,100,19,13,19,4
22,12,154,3,0,66,1,360,360,100,22,16,23,100,19,13,19,4
22,12,155,3,0,66,1,360,360,100,22,16,23,100,18,13,19,4
22,12,156,3,0,66,1,359,1,100,22,16,23,100,18,13,19,4
22,12,158,3,0,66,1,359,1,100,22,16,23,100,18,13,19,4
22,12,159,2,1,66,1,359,1,100,22,16,23,100,18,13,19,4
22,12,160,2,1,66,1,359,1,100,22,16,24,100,18,13,19,4
22,12,162,2,1,66,1,359,360,100,22,16,24,100,18,13,19,4
23,12,163,2,1,66,1,359,360,100,22,16,24,100,18,13,19,4
23,12,164,2,0,66,1,359,360,100,22,16,24,100,18,13,19,4
23,12,166,2,0,67,1,359,360,100,22,17,24,100,18,13,19,4
23,12,167,2,0,67,1,359,1,100,23,17,24,100,18,13,19,4
23,12,168,2,1,67,1,359,1,100,23,17,24,100,18,13,19,4
23,12,170,2,1,67,1,359,1,100,23,17,24,100,18,13,19,4
23,12,171,2,1,67,1,359,1,100,23,17,24,100,18,13,19,4
23,12,172,2,0,67,1,359,1,100,23,17,24,100,18,13,19,4
23,12,174,2,0,67,1,359,0,100,23,17,24,100,17,13,19,4
23,12,175,1,0,67,1,359,0,100,23,17,24,100,17,13,19,4
23,12,176,1,0,67,1,359,360,100,23,17,24,100,17,13,19,4
23,12,178,1,0,67,1,359,360,100,23,17,24,100,17,13,19,4
23,12,179,1,0,67,1,359,360,100,23,17,24,100,17,13,19,4
23,12,180,1,0,67,1,358,360,100,23,17,24,100,17,13,19,4
23,12,182,1,0,68,1,358,360,100,23,17,24,100,17,13,19,4
23,12,183,1,-1,68,2,358,360,100,23,17,24,100,17,13,19,4
23,12,184,1,-1,67,2,358,360,100,23,17,24,100,17,13,19,4
23,12,186,1,-1,66,2,358,360,100,23,17,24,100,17,13,19,4
23,12,187,1,-2,66,2,358,360,100,23,17,24,100,17,13,19,4
23,12,188,1,-2,65,3,358,360,100,23,17,24,100,17,13,19,4
23,12,190,1,-2,65,3,358,360,100,23,17,24,100,17,13,19,4
23,12,191,1,-2,65,3,358,360,100,23,17,24,100,17,13,19,4
23,12,192,1,-2,65,3,358,360,100,23,17,24,100,17,13,19,4
23,12,193,1,-2,64,4,358,360,100,23,17,24,100,17,13,19,4
23,12,195,1,-3,64,4,358,360,100,23,17,24,100,17,13,19,4
23,12,196,1,-3,62,4,358,360,100,23,17,24,100,17,13,19,4
23,12,197,1,-4,62,4,358,360,100,23,17,24,100,17,13,19,4
23,12,198,0,-4,61,4,358,360,100,23,17,24,100,17,13,19,4
23,12,200,0,-4,62,5,358,360,100,23,17,24,100,17,13,19,4
23,11,201,0,-4,62,5,358,360,100,23,17,24,100,17,13,19,4
23,11,202,0,-4,62,5,358,360,100,23,17,24,100,17,13,19,4
23,11,203,0,-4,62,6,358,360,100,23,17,24,100,17,13,19,4
23,11,205,0,-5,62,6,358,360,100,23,17,24,100,17,13,19,4
23,11,206,0,-5,61,6,358,360,100,23,17,24,100,17,13,19,4
23,11,207,0,-5,61,6,358,360,100,23,17,24,100,17,13,19,4
23,11,208,0,-6,60,6,358,360,100,23,17,24,100,17,13,19,4
23,11,209,0,-6,60,6,359,360,99,23,17,24,100,17,13,18,4
23,11,211,0,-6,60,7,359,0,93,23,17,24,100,17,13,18,4
23,10,212,0,-6,60,7,359,1,89,23,17,24,100,18,13,18,4
23,10,213,0,-6,60,7,360,1,86,23,17,24,100,18,13,18,4
23,10,214,0,-7,59,7,360,1,83,23,17,23,100,18,13,18,4
23,10,215,0,-7,59,8,1,1,77,24,17,23,100,18,13,18,4
23,10,216,0,-7,59,8,2,1,73,24,17,23,100,18,13,18,4
23,10,218,0,-7,59,8,2,1,70,24,17,23,100,19,13,17,4
23,10,219,0,-7,59,8,3,1,68,24,17,22,100,19,13,17,4
23,9,220,0,-8,59,8,3,1,64,25,17,22,100,19,13,17,4
23,9,221,0,-8,60,9,4,1,58,25,17,22,100,19,13,17,4
23,9,222,0,-8,60,9,4,1,54,25,17,22,100,19,13,17,4
23,9,224,0,-8,59,9,4,1,52,25,17,22,100,19,13,17,4
23,9,225,0,-9,59,9,4,1,49,25,17,22,100,19,13,17,4
23,8,226,0,-9,58,10,4,1,47,25,17,22,100,19,13,17,4
23,8,227,1,-9,58,10,4,1,43,25,17,22,100,19,13,17,4
23,8,228,1,-9,58,10,4,1,40,25,17,22,100,19,13,17,4
23,8,229,1,-9,59,10,4,1,38,25,17,22,100,19,13,17,4
23,8,231,1,-9,59,10,4,1,36,25,17,22,100,19,13,17,4
23,8,232,1,-10,59,10,5,1,34,25,17,22,100,19,13,17,4
23,7,233,1,-10,59,11,5,1,32,25,17,22,100,19,13,17,4
23,7,234,1,-10,59,11,4,1,29,25,17,22,100,19,13,17,4
23,7,235,1,-10,59,11,4,1,28,25,17,22,100,19,13,17,4
23,7,236,1,-10,59,11,4,1,28,25,17,22,100,19,13,17,4
23,6,238,1,-9,60,10,3,1,29,25,17,22,100,19,13,17,4
23,6,239,1,-9,60,10,3,1,30,25,17,23,100,19,13,17,4
23,6,240,1,-9,60,10,3,1,30,24,17,23,100,19,13,17,4
23,6,241,2,-9,60,10,2,1,29,24,17,23,100,18,13,17,4
23,6,242,2,-9,61,10,2,1,28,24,17,23,100,18,13,17,4
23,6,244,2,-9,61,10,2,1,28,24,17,23,100,18,13,17,4
23,5,245,2,-8,61,9,2,1,29,24,17,23,100,18,13,17,4
23,5,246,2,-8,61,9,2,1,30,24,17,23,100,18,13,17,4
23,5,247,2,-8,61,9,1,1,29,24,17,23,100,18,13,17,4
23,5,248,2,-8,62,9,1,1,28,24,17,23,100,18,13,17,4
23,5,250,2,-8,62,8,1,1,29,24,17,23,100,18,13,17,4
23,5,251,2,-7,61,8,1,1,30,24,17,24,100,18,13,17,4
23,4,252,2,-7,62,8,1,1,30,24,17,24,100,18,13,17,4
23,4,253,2,-7,62,8,1,1,29,24,17,24,100,18,13,17,4
23,4,254,2,-7,62,8,1,1,28,24,17,24,100,18,12,17,4
23,4,256,2,-6,62,7,2,1,29,24,17,23,100,18,12,17,4
23,4,257,2,-6,62,7,2,1,30,25,17,23,36,18,12,17,4
23,4,258,2,-6,62,7,2,1,30,25,17,23,34,18,12,17,4
23,4,259,2,-6,63,7,3,1,29,25,17,23,34,18,12,17,4
23,3,261,2,-5,63,6,3,1,29,25,17,23,35,18,12,17,4
23,3,262,2,-5,63,6,3,1,29,25,17,23,33,18,12,17,4
23,3,263,2,-5,63,6,3,1,30,25,17,23,32,18,12,17,4
23,3,264,2,-5,63,6,3,1,30,25,17,23,32,18,12,17,4
23,3,266,2,-5,63,5,3,1,29,25,17,23,33,18,12,17,4
23,3,267,2,-4,63,5,3,1,29,25,17,23,34,18,12,17,4
23,3,268,2,-4,63,5,3,1,30,25,17,23,33,18,12,16,4
23,3,269,2,-4,63,5,3,1,31,25,17,23,32,18,12,16,4
23,3,271,2,-4,63,4,3,1,31,25,17,24,32,18,12,16,4
23,3,272,2,-4,63,4,3,1,30,26,17,24,33,18,12,16,4
24,2,273,2,-3,64,4,3,1,30,26,17,24,34,18,12,16,4
24,2,274,2,-3,63,4,3,1,32,26,17,24,33,18,12,17,4
24,2,276,2,-3,63,4,3,1,35,26,18,24,32,17,12,16,4
24,2,277,2,-3,64,3,3,1,35,26,18,24,32,17,12,16,4
24,2,278,2,-2,64,3,3,1,35,26,18,24,34,17,12,16,4
24,2,279,2,-2,64,3,3,1,36,26,18,24,34,17,12,16,4
24,2,281,2,-2,63,3,3,1,40,26,18,24,33,17,12,16,4
24,2,282,2,-2,64,3,3,1,45,26,18,24,32,17,12,16,4
24,2,283,2,-2,64,2,3,1,47,45,18,24,33,17,12,16,4
24,2,284,2,-1,64,2,3,1,47,45,18,24,34,17,12,16,4
24,2,286,2,-1,64,2,3,1,51,45,18,24,34,17,12,16,4
24,2,287,2,-1,64,2,2,1,64,45,18,24,33,17,12,16,4
24,2,288,2,-1,64,1,2,1,84,45,18,24,32,17,12,16,4
24,2,289,2,0,64,1,2,1,91,45,18,24,33,17,12,16,4
24,2,291,2,0,64,1,2,1,94,45,18,24,34,17,12,16,4
24,2,292,2,0,64,1,2,1,100,45,18,24,34,17,12,34,4
24,2,293,2,0,64,1,2,1,100,45,18,24,34,17,12,34,4
24,2,295,2,0,64,1,2,1,100,45,18,24,33,17,12,34,4
24,2,296,2,1,64,1,2,1,100,45,18,24,34,17,12,34,4
24,2,297,2,1,64,1,2,0,100,45,18,25,36,17,12,33,4
24,2,298,2,0,64,1,2,0,100,45,18,25,38,17,12,33,4
24,2,300,2,0,64,1,2,0,100,45,18,25,40,17,12,33,4
24,2,301,2,0,64,1,2,1,100,45,31,25,41,17,12,33,5
24,2,302,2,1,65,1,2,1,100,45,31,25,42,17,15,33,5
24,2,303,2,1,65,1,2,1,100,46,31,25,43,17,24,33,5
24,2,305,2,1,65,1,2,1,100,46,31,25,44,17,24,33,5
24,2,306,2,0,65,1,2,1,100,46,31,25,45,16,24,33,5
24,2,307,2,0,65,1,2,1,100,46,31,25,47,16,24,33,5
24,2,309,2,0,65,1,2,1,100,46,31,25,49,16,24,33,5
24,2,310,2,1,65,1,2,1,100,46,31,25,50,16,24,33,5
25,2,311,2,1,65,1,2,1,100,46,32,25,51,16,24,33,5
25,2,313,2,0,66,1,2,1,100,46,32,25,53,16,24,33,5
25,2,314,2,0,66,1,2,1,100,46,32,25,54,17,24,33,5
25,2,315,2,0,66,1,2,1,100,46,32,25,55,19,24,33,5
25,2,316,2,1,66,1,2,1,100,46,32,25,56,21,24,33,5
25,2,318,2,1,66,1,2,1,100,46,32,26,58,23,24,33,5
25,2,319,2,1,66,1,2,1,100,46,32,28,59,24,24,33,5
25,2,320,2,0,66,1,2,1,100,46,32,30,61,26,24,33,5
25,2,322,2,0,66,1,2,1,100,46,32,31,62,28,24,33,5
25,2,323,2,0,66,1,2,1,100,46,32,33,63,30,24,33,5
25,2,324,2,1,67,1,2,1,100,46,32,35,65,32,24,33,5
25,2,326,2,1,67,1,2,1,100,46,32,37,66,33,24,32,5
25,2,327,2,1,67,1,2,1,100,46,32,39,67,34,24,32,5
25,2,328,2,0,67,1,2,1,100,46,32,41,69,34,24,32,5
25,2,330,2,0,67,1,2,1,100,46,32,43,70,34,24,32,5
25,2,331,2,1,67,1,2,1,100,46,32,44,72,34,24,32,5
25,2,332,2,1,67,1,2,1,100,46,32,44,73,34,24,32,5
25,2,334,2,1,67,1,2,1,100,47,32,44,74,34,24,32,5
25,2,335,2,0,67,1,2,1,100,47,32,44,76,34,24,32,5
25,2,336,2,0,67,1,2,1,100,47,32,44,77,34,23,32,5
25,2,338,2,0,67,1,2,1,100,47,32,44,79,34,23,32,5
25,2,339,2,1,67,1,2,1,100,47,32,44,80,34,23,32,5
25,2,340,2,1,68,1,2,1,100,47,32,44,81,34,23,32,5
25,2,342,2,1,68,1,2,1,100,47,32,44,83,34,23,32,5
25,2,343,2,0,68,1,2,1,100,47,32,45,84,34,23,32,5
25,2,344,2,0,68,1,2,1,100,47,32,45,86,33,23,32,5
26,2,346,2,0,68,1,2,1,100,47,33,45,87,33,23,32,5
26,2,347,2,1,68,1,2,1,100,47,33,45,88,33,23,32,5
26,2,348,2,1,68,1,2,1,100,47,33,45,90,33,23,32,5
26,2,350,2,1,68,1,2,1,100,47,33,45,91,33,23,32,5
26,2,351,2,0,68,1,2,1,100,47,33,45,92,33,23,32,5
26,2,352,2,0,68,1,2,1,100,47,33,45,94,33,23,32,5
26,2,354,2,1,68,1,2,1,100,47,33,45,95,33,23,32,5
26,2,355,2,1,68,1,2,1,100,47,33,45,97,33,23,31,5
26,2,357,2,1,68,1,2,1,100,47,33,45,98,33,23,31,5
26,2,358,2,0,68,1,2,0,100,47,33,45,99,33,23,31,5
26,2,359,2,0,68,1,2,360,100,47,33,45,100,33,23,31,5
26,2,361,2,0,68,1,2,360,100,47,33,45,100,33,23,31,5
26,2,362,2,1,69,1,2,360,100,47,33,46,100,33,23,31,5
26,2,363,2,1,69,1,1,360,100,47,33,46,100,32,23,31,5
26,2,365,2,1,69,1,1,360,100,47,33,46,100,32,23,32,5
26,2,366,2,1,69,1,1,360,100,47,33,46,100,32,23,32,5
26,2,367,2,0,69,1,360,360,100,46,33,47,100,32,23,32,5
26,2,369,2,0,69,1,360,360,100,46,33,47,100,31,23,32,5
26,2,370,2,1,69,1,359,360,100,46,33,48,100,31,23,32,5
26,2,372,2,1,69,1,358,360,100,45,33,49,100,31,23,33,5
26,2,373,2,1,69,1,358,360,100,45,33,49,100,30,22,33,5
26,2,374,2,1,69,1,357,360,100,44,33,50,100,30,22,34,5
26,2,376,2,1,69,1,356,360,100,44,33,51,100,29,22,34,5
26,2,377,2,1,69,1,355,360,100,43,33,52,90,29,22,35,5
26,2,378,2,1,68,1,353,360,100,42,34,54,78,28,23,36,5
26,2,380,1,1,68,1,352,360,100,41,34,56,79,28,23,37,5
26,2,381,1,1,68,1,350,360,100,41,34,58,81,27,23,39,5
26,2,382,1,1,67,1,349,360,100,40,34,60,83,27,23,40,5
26,2,384,1,0,67,1,347,360,100,39,34,63,85,26,23,42,5
26,2,385,0,0,67,1,345,360,100,38,35,66,85,26,23,44,5
26,2,386,0,0,67,1,344,360,100,38,35,70,77,25,23,45,5
26,2,388,0,0,67,1,342,360,100,37,35,73,70,25,24,46,5
26,2,389,-1,1,67,1,341,360,100,37,35,77,66,25,24,48,5
26,2,390,-1,1,67,1,340,360,100,36,36,81,62,25,24,48,5
26,2,392,-2,1,67,1,338,360,100,36,36,85,59,24,24,49,5
26,2,393,-2,0,66,1,337,360,100,36,36,89,56,24,24,50,5
26,2,394,-3,0,66,1,336,360,100,35,36,94,54,24,25,51,5
26,2,396,-4,0,66,1,335,360,100,35,37,99,52,24,25,51,5
26,2,397,-4,1,66,1,334,360,100,35,37,100,50,24,25,52,5
26,2,398,-5,1,66,1,332,360,100,34,37,100,48,24,26,52,5
26,2,400,-5,1,65,1,331,360,100,34,38,100,46,24,26,53,5
26,2,401,-6,1,65,1,329,360,100,34,38,100,44,24,27,54,5
25,2,402,-6,0,65,1,327,360,100,33,39,100,42,24,28,55,5
25,2,403,-7,0,64,1,326,360,100,33,39,100,40,24,28,56,5
25,2,405,-7,0,64,1,324,360,100,33,40,100,39,24,29,57,5
25,2,406,-8,1,63,1,322,360,100,32,41,100,38,24,30,57,5
25,2,407,-8,1,63,1,320,360,100,32,42,100,36,24,30,58,5
25,2,408,-9,1,62,1,318,360,100,32,43,100,35,24,31,59,5
24,2,410,-9,0,62,1,316,360,100,31,44,100,34,24,31,60,5
24,2,411,-10,0,61,1,314,360,100,31,45,100,34,24,32,61,5
24,2,412,-11,0,61,1,313,360,100,31,46,100,33,25,32,61,5
24,2,413,-12,0,60,1,311,360,100,31,47,100,33,25,33,62,5
24,2,414,-12,1,60,1,309,360,100,31,48,100,32,25,33,62,5
23,2,416,-13,1,60,1,308,360,100,30,49,100,32,26,34,62,5
23,2,417,-14,1,59,1,307,360,100,30,50,100,32,26,34,62,5
23,2,418,-15,0,59,1,305,360,100,30,51,100,32,26,34,62,5
22,2,419,-16,0,58,1,304,360,100,30,52,100,32,26,34,62,5
22,2,420,-17,1,58,1,303,360,100,30,53,100,32,27,34,62,5
22,2,421,-18,1,57,1,303,360,100,29,53,100,32,27,35,62,5
21,2,422,-19,1,57,1,302,360,100,29,54,100,32,27,35,61,5
21,2,424,-20,0,56,1,301,360,100,29,54,100,32,27,35,61,5
20,2,425,-21,0,56,1,301,360,100,28,54,100,33,28,34,60,5
20,2,426,-21,0,55,1,300,360,100,28,54,100,33,28,34,60,5
19,2,427,-22,1,55,1,300,360,99,28,54,100,33,28,34,59,5
19,2,428,-23,1,54,1,299,360,98,28,53,100,34,28,34,58,5
18,2,429,-24,1,54,1,299,360,97,27,53,100,34,28,34,57,5
18,2,430,-25,0,53,1,298,360,96,27,53,100,35,28,34,57,5
17,2,431,-26,0,53,1,298,360,95,27,53,100,35,29,34,56,5
17,2,432,-26,0,52,1,297,360,95,27,53,100,35,29,34,56,5
16,2,433,-27,1,52,1,296,360,94,27,53,98,36,29,34,55,5
16,2,434,-28,1,51,1,296,360,93,27,53,96,36,29,34,55,5
15,2,435,-29,1,51,1,295,360,93,27,53,94,36,29,34,54,5
15,2,436,-29,0,50,1,294,360,92,27,53,92,37,29,34,54,5
14,2,437,-30,0,50,1,293,360,92,27,54,90,37,29,34,54,5
13,2,438,-31,1,49,1,292,360,91,27,55,88,37,29,33,53,5
13,2,439,-31,1,48,1,291,360,91,27,56,85,37,30,33,53,5
12,2,440,-31,1,48,1,289,360,91,27,59,82,37,30,34,53,5
11,2,441,-32,1,47,1,288,360,91,27,61,79,38,30,34,53,5
11,2,442,-32,1,46,1,286,360,91,27,65,76,37,30,34,53,5
10,2,443,-33,1,45,1,284,360,91,27,71,74,37,30,34,54,5
9,2,444,-33,1,45,1,282,360,92,27,78,71,37,29,34,54,5
9,2,444,-33,1,44,1,281,360,92,27,88,69,37,29,34,54,5
8,2,445,-34,1,43,1,279,360,92,27,100,67,37,29,34,55,5
7,2,446,-34,0,42,1,277,360,93,27,100,66,37,29,34,55,5
7,2,447,-35,0,41,1,275,360,93,27,100,64,36,29,34,55,5
6,2,448,-35,0,41,1,273,360,94,27,100,63,36,29,34,55,5
5,2,449,-35,0,40,1,271,360,94,27,100,62,36,29,34,56,5
5,2,449,-36,0,39,1,269,360,95,27,100,60,36,29,34,56,5
4,2,450,-36,0,38,1,267,360,96,27,100,60,35,29,34,57,5
3,2,451,-36,0,37,1,265,360,96,27,100,59,35,29,34,57,5
2,2,452,-37,0,36,1,263,360,97,27,100,58,35,29,34,57,5
2,2,452,-38,1,35,1,261,360,97,27,100,58,34,29,34,58,5
1,2,453,-38,1,34,1,259,360,97,27,100,57,34,28,34,58,5
0,2,454,-38,1,33,1,257,360,98,27,100,57,34,28,34,58,5
-1,2,454,-39,1,32,1,255,360,99,27,100,56,34,28,35,59,5
-2,2,455,-39,0,31,1,254,360,99,28,100,55,33,28,35,59,5
-2,2,455,-40,0,30,1,252,360,100,28,100,55,33,28,35,60,5
-3,2,456,-40,0,28,1,250,360,100,28,100,54,33,28,35,60,5
-4,2,456,-41,0,27,1,248,360,100,28,100,54,33,28,35,60,5
-5,2,457,-41,0,26,1,247,360,100,28,100,54,32,28,35,60,5
-6,2,457,-41,0,25,1,245,360,100,28,100,53,32,28,35,61,5
-6,2,458,-42,1,24,1,244,360,100,28,100,53,32,28,35,61,5
-7,2,458,-42,1,22,1,242,360,100,28,100,53,32,27,35,61,5
-8,2,459,-42,1,21,1,241,360,100,28,100,53,32,27,35,61,5
-9,2,459,-43,0,20,1,240,360,100,29,100,53,32,27,35,61,5
-10,2,459,-43,0,19,1,239,360,100,29,100,53,32,27,35,61,5
-11,2,460,-43,0,17,1,238,360,100,29,100,53,32,27,34,61,5
-12,2,460,-43,1,16,1,236,360,100,29,100,53,32,27,34,61,5
-13,2,460,-44,1,15,1,235,360,100,29,100,53,32,27,34,61,5
-13,2,461,-44,1,13,1,234,360,100,29,100,53,32,27,34,61,5
-14,2,461,-44,1,12,1,233,360,100,29,100,53,32,27,34,61,5
-15,2,461,-44,0,11,1,232,360,100,29,100,53,31,27,34,61,5
-16,2,461,-44,0,10,1,230,360,100,29,100,52,31,27,34,61,5
-17,2,461,-44,0,8,1,229,360,100,29,99,52,31,27,34,61,6
-18,2,462,-44,1,7,1,227,360,100,29,97,52,31,27,35,61,6
-19,2,462,-44,1,6,1,226,360,100,29,96,52,31,27,35,62,6
-20,2,462,-44,0,5,1,224,360,100,29,95,51,31,27,35,62,6
-21,2,462,-44,0,3,1,223,360,100,29,94,51,31,27,35,62,6
-21,2,462,-44,0,2,1,221,360,100,29,93,51,31,27,35,63,6
-22,2,462,-44,1,1,1,220,360,100,29,92,51,31,27,35,63,6
-23,2,462,-44,1,0,1,218,360,100,29,91,50,31,27,36,64,6
-24,2,462,-43,1,-2,1,217,360,100,29,90,50,31,27,36,64,6
-25,2,462,-43,0,-3,1,215,360,100,29,89,50,31,28,36,65,6
-26,2,462,-43,0,-4,1,214,360,100,29,89,50,31,28,36,65,6
-27,2,462,-42,0,-5,1,212,360,100,29,88,49,31,28,37,65,6
-28,2,461,-42,0,-7,1,210,360,100,29,88,49,31,28,37,66,6
-28,2,461,-42,0,-8,1,209,360,100,29,88,49,31,28,37,66,6
-29,2,461,-41,0,-9,1,208,360,100,29,87,49,31,28,37,67,6
-30,2,461,-41,0,-10,1,206,360,100,29,87,49,31,28,38,67,6
-31,2,461,-41,0,-11,1,205,360,100,29,87,49,31,28,38,67,6
-32,2,460,-40,1,-13,1,204,360,100,29,87,49,31,28,38,67,6
-33,2,460,-40,1,-14,1,203,360,100,29,87,49,31,29,38,67,6
-33,2,460,-39,0,-15,1,202,360,100,29,87,49,31,29,38,67,6
-34,2,459,-38,0,-16,1,201,360,100,29,87,49,32,29,38,67,6
-35,2,459,-38,0,-17,1,200,360,100,28,87,50,32,29,38,67,6
-36,2,459,-37,0,-18,1,199,360,100,28,87,50,32,29,38,67,6
-36,2,458,-37,0,-19,1,199,360,100,28,88,51,32,29,38,67,6
-37,2,458,-36,0,-20,1,198,360,100,27,88,51,33,29,38,66,6
-38,2,457,-36,0,-21,1,198,360,100,27,89,52,33,30,38,66,6
-39,2,457,-35,0,-22,1,197,1,100,27,89,52,33,30,38,65,6
-39,2,456,-35,1,-23,1,197,1,100,26,90,53,34,30,38,65,6
-40,2,456,-34,1,-24,1,197,1,100,26,91,54,34,30,38,64,6
-41,2,455,-34,0,-25,1,197,1,100,26,91,54,35,30,38,64,6
-41,2,455,-33,0,-26,1,196,1,100,25,92,55,35,31,38,63,6
-42,2,454,-33,1,-27,1,196,0,100,25,93,56,35,31,38,63,6
-43,2,454,-32,1,-28,1,196,0,100,25,94,57,36,31,38,62,6
-43,2,453,-32,1,-29,1,196,0,99,25,94,58,36,31,38,61,6
-44,2,453,-31,0,-29,1,196,1,98,24,95,59,37,31,38,61,6
-44,2,452,-31,0,-30,1,196,1,98,24,96,60,37,32,38,60,6
-45,2,451,-30,0,-31,1,196,1,97,24,96,61,38,32,37,59,6
-46,2,451,-30,1,-32,1,196,1,96,24,97,62,39,32,37,59,6
-46,2,450,-29,1,-33,1,196,1,96,23,98,63,39,32,37,58,6
-47,2,449,-29,1,-33,1,196,1,95,23,99,64,40,33,37,57,6
-47,2,449,-29,0,-34,1,196,1,94,23,99,65,41,33,37,57,6
-48,2,448,-28,0,-35,1,196,1,93,23,100,66,41,33,37,56,6
-49,2,447,-28,0,-35,1,196,1,93,23,100,67,42,33,37,55,6
-49,2,447,-28,1,-36,1,196,360,92,23,100,68,43,34,37,55,6
-50,2,446,-27,1,-37,1,196,360,91,23,100,69,43,34,37,54,6
-50,2,445,-27,1,-37,1,195,360,90,23,100,70,44,34,37,54,6
-51,2,444,-27,1,-38,1,195,360,89,23,100,71,44,34,37,53,6
-51,2,444,-27,1,-39,1,195,360,88,23,100,72,45,35,37,53,6
-52,2,443,-26,1,-39,1,195,360,88,23,100,73,46,35,37,52,6
-52,2,442,-26,1,-40,1,194,360,87,23,100,74,46,35,37,52,6
-53,2,441,-26,1,-40,1,194,360,86,23,32,75,47,36,37,52,6
-54,2,440,-26,1,-41,1,193,360,85,24,29,75,47,36,37,51,6
-54,2,439,-25,1,-42,1,193,360,83,24,28,76,48,36,37,51,6
-55,2,439,-25,1,-42,1,192,360,82,24,27,77,48,36,37,51,6
-55,2,438,-25,1,-43,1,191,360,81,24,26,77,49,36,37,51,6
-56,2,437,-24,1,-43,1,191,360,80,25,25,78,49,37,37,50,6
-56,2,436,-24,1,-44,1,190,360,79,25,25,78,50,37,37,50,6
-57,2,435,-24,0,-44,1,189,360,78,25,24,79,50,37,37,50,6
-57,2,434,-23,0,-45,1,188,360,77,25,24,79,50,37,37,50,6
-57,2,433,-23,0,-45,1,187,360,76,26,24,80,51,37,37,50,6
-58,2,432,-23,0,-46,1,186,360,75,26,23,80,51,37,36,50,6
-58,2,431,-22,0,-46,1,186,360,74,26,23,81,51,37,36,50,6
-59,2,430,-22,1,-47,1,185,360,73,27,23,82,52,37,36,50,6
-59,2,429,-22,1,-47,1,184,360,72,27,23,82,52,37,36,50,6
-60,2,429,-21,1,-48,1,184,360,71,27,22,83,53,38,36,50,6
-60,2,428,-21,0,-48,1,183,360,70,28,22,84,53,38,36,50,6
-61,2,427,-20,0,-49,1,183,360,69,28,22,85,54,38,35,50,6
-61,2,426,-20,0,-49,1,182,1,68,28,22,86,54,38,35,49,6
-61,2,425,-19,0,-49,1,182,1,67,29,22,87,55,38,35,49,6
-62,2,424,-19,1,-50,1,182,1,66,29,22,88,56,38,35,49,6
-62,2,423,-19,1,-50,1,182,360,65,30,22,89,56,38,35,48,6
-63,2,422,-18,1,-51,1,181,360,64,30,22,90,57,38,34,48,6
-63,2,420,-18,1,-51,1,181,360,63,31,22,91,58,38,34,48,6
-63,2,419,-17,1,-51,1,181,360,62,31,22,92,58,38,34,47,6
-64,2,418,-17,0,-52,1,180,360,61,31,22,93,59,38,33,47,6
-64,2,417,-17,0,-52,1,180,360,59,31,23,94,59,38,33,47,6
-64,2,416,-16,0,-53,1,180,360,58,32,23,95,60,38,33,47,6
-65,2,415,-16,0,-53,1,179,360,57,32,23,96,61,38,32,47,6
-65,2,414,-15,0,-53,1,179,1,56,32,24,97,61,38,32,46,6
-65,2,413,-15,0,-54,1,179,1,55,33,24,98,62,38,32,46,6
-66,2,412,-14,1,-54,1,179,1,54,33,24,99,63,38,32,46,6
-66,2,411,-14,1,-54,1,179,1,53,33,24,100,63,38,31,46,6
-66,2,410,-14,1,-55,1,178,1,52,34,25,100,64,38,31,45,6
-66,2,409,-13,1,-55,1,178,360,51,34,25,100,65,38,31,45,6
-67,2,408,-13,1,-55,1,178,360,50,34,25,100,66,38,30,45,6
-67,2,406,-13,1,-55,1,178,360,49,34,26,100,66,38,30,44,6
-67,2,405,-12,1,-56,1,178,360,47,35,26,100,67,38,30,44,6
-67,2,404,-12,1,-56,1,177,360,46,35,26,100,68,38,30,44,6
-68,2,403,-11,1,-56,1,177,360,45,35,26,100,68,38,29,44,6
-68,2,402,-11,1,-57,1,176,360,44,35,27,100,69,37,29,44,6
-68,2,401,-11,0,-57,1,176,360,43,35,27,100,69,37,29,44,6
-68,2,400,-10,0,-57,1,175,360,42,35,27,100,69,37,29,45,6
-68,2,398,-10,1,-57,1,175,360,41,35,27,100,70,36,29,45,6
-69,2,397,-9,1,-58,1,174,360,40,35,28,100,70,36,29,45,6
-69,2,396,-9,0,-58,1,173,360,39,35,28,100,70,35,28,46,6
-69,2,395,-9,0,-58,1,173,360,37,35,28,100,70,35,28,46,6
-69,2,394,-8,0,-58,1,172,360,36,35,28,100,70,34,28,47,6
-69,2,393,-8,0,-58,1,171,360,35,34,28,100,70,34,28,45,6
-70,2,391,-7,0,-59,1,171,360,34,34,29,100,70,34,28,43,6
-70,2,390,-7,1,-59,1,170,360,33,34,29,100,71,33,28,42,6
-70,2,389,-6,1,-59,1,170,360,32,34,29,100,71,33,28,40,6
-70,2,388,-6,1,-59,1,169,0,31,34,29,100,71,33,28,38,6
-70,2,387,-5,0,-59,1,169,1,29,34,29,100,72,32,27,37,6
-70,2,385,-5,0,-60,1,169,1,28,34,29,100,72,32,27,35,6
-70,2,384,-5,0,-60,1,169,1,27,35,30,100,73,32,27,34,6
-70,2,383,-4,1,-60,1,169,1,26,35,30,100,74,32,27,32,6
-70,2,382,-4,1,-60,1,169,1,24,35,30,100,74,32,27,31,6
-71,2,381,-3,1,-60,1,169,1,23,35,30,100,75,32,27,29,6
-71,2,379,-3,0,-60,1,169,1,22,35,30,100,76,31,27,28,6
-71,2,378,-2,0,-61,1,169,1,21,35,30,100,77,31,27,27,6
-71,2,377,-2,0,-61,1,169,1,19,35,30,55,78,31,27,25,6
-71,2,376,-2,0,-61,1,169,1,18,35,30,53,80,32,27,25,6
-71,2,375,-1,1,-61,1,170,1,17,29,30,52,81,32,27,25,6
-71,2,373,-1,1,-61,1,170,1,16,27,30,51,83,32,27,24,6
-71,2,372,-1,0,-61,1,171,1,14,24,30,51,85,32,27,24,6
-71,2,371,0,0,-61,1,171,1,13,22,30,50,87,32,27,24,6
-71,2,370,0,1,-62,1,172,1,12,19,30,50,88,32,26,23,6
-71,2,368,0,1,-62,1,172,1,11,17,30,49,90,33,26,23,6
-71,2,367,1,1,-62,1,173,1,9,15,30,48,92,33,26,11,6
-71,2,366,1,1,-62,1,173,1,8,13,30,48,94,33,26,10,6
-71,2,365,1,1,-62,1,174,1,7,10,30,47,96,33,26,8,6
-71,2,363,1,1,-62,1,174,1,5,8,30,47,98,33,26,7,6
-71,2,362,1,1,-62,1,174,1,4,6,30,47,100,34,26,5,6
-71,2,361,2,1,-63,1,175,360,3,4,30,46,100,34,26,4,6
-71,2,360,2,1,-63,1,175,360,2,2,30,46,100,34,26,2,6
-71,2,358,2,0,-64,1,175,360,39,21,30,46,100,34,20,21,6
-71,2,357,2,0,-66,1,175,1,38,21,29,46,100,34,14,21,6
-71,2,356,2,0,-67,1,175,1,36,21,29,46,100,34,14,21,6
-71,2,354,2,0,-68,1,175,1,35,21,17,45,100,34,14,21,6
-71,2,353,2,0,-70,1,175,1,34,21,25,45,100,34,14,21,6
-71,2,351,3,1,-71,1,175,1,32,21,64,45,100,34,14,21,6
-71,2,350,3,1,-73,1,176,1,31,21,64,45,100,35,14,21,6
-70,2,348,3,1,-74,1,176,1,29,21,64,45,100,35,14,21,6
-70,2,347,3,0,-76,1,176,1,28,21,64,45,100,35,15,21,6
-70,2,345,3,0,-77,1,176,1,26,21,64,45,100,35,14,21,6
-70,2,344,3,0,-79,1,176,1,24,21,16,45,100,19,14,21,6
-70,2,342,4,1,-80,1,176,1,23,21,16,44,100,19,14,21,6
-70,2,340,4,1,-81,1,176,1,21,20,16,44,100,19,14,21,6
-70,2,339,4,1,-83,1,176,1,20,20,16,44,100,19,14,21,6
-70,2,337,4,0,-84,1,177,1,18,21,16,25,100,20,14,21,6
-70,2,335,4,0,-86,1,177,1,16,21,16,27,100,20,14,20,6
-70,2,334,4,1,-87,1,177,1,14,21,15,29,100,20,14,18,6
-70,2,332,4,1,-89,1,178,1,13,19,15,32,100,19,14,16,6
-70,2,330,4,1,-90,1,178,1,11,17,15,34,100,19,14,14,6
-70,2,328,4,1,-91,1,178,1,9,14,15,22,100,19,14,11,6
-70,2,326,4,0,-93,1,178,1,7,11,15,22,100,20,14,9,6
-70,2,324,4,5,-94,359,178,1,6,9,15,22,70,20,15,7,6
-69,2,323,5,15,-93,353,178,2,6,9,15,17,14,20,15,8,6
-69,3,321,5,24,-93,345,178,3,7,10,15,11,9,14,15,8,6
-69,3,319,5,35,-90,338,178,4,7,10,15,10,8,13,15,9,6
-69,4,318,6,43,-88,332,177,4,7,10,15,10,8,12,15,8,6
-69,5,316,6,55,-82,327,177,5,7,10,15,10,8,13,15,9,6
-69,6,315,7,65,-76,321,176,7,7,10,15,10,8,13,15,9,6
-69,8,313,7,69,-73,316,176,8,6,9,15,10,8,14,14,8,6
-69,9,312,8,78,-64,309,174,9,7,10,15,10,8,13,14,9,6
-68,11,311,9,86,-54,302,172,12,7,10,15,10,8,13,14,9,6
-68,13,310,10,90,-48,297,170,14,6,10,15,10,8,13,14,8,6
-68,14,310,10,97,-36,291,165,18,7,10,15,10,8,13,14,8,6
-68,16,309,12,101,-23,285,157,28,7,10,15,10,8,13,14,9,6
-68,18,309,12,103,-16,281,143,42,6,10,16,10,8,13,13,8,6
-67,20,309,13,105,-6,277,102,83,6,10,16,10,8,13,13,8,6
-67,22,309,14,105,9,280,53,133,7,10,16,10,8,13,13,9,6
-67,24,309,15,105,20,283,36,149,6,10,16,11,9,13,12,8,6
-66,26,310,16,104,29,289,26,160,6,9,17,11,8,14,12,8,6
-66,28,311,17,100,43,296,20,166,7,10,17,10,8,13,12,8,6
-66,29,312,18,93,56,303,17,170,7,10,17,10,8,13,11,9,6
-65,31,313,19,89,64,309,15,172,6,10,18,10,8,13,11,8,6
-65,33,314,20,82,75,315,14,174,6,10,18,10,8,13,10,8,6
-65,34,316,21,70,86,322,13,175,7,10,19,10,8,13,9,8,6
-64,35,318,22,61,95,328,13,176,6,9,20,11,9,14,9,7,6
-64,36,320,22,53,101,335,12,178,6,9,20,10,9,14,8,8,6
-63,37,322,23,40,108,343,12,179,6,10,21,10,8,13,8,8,6
-63,37,324,24,26,114,350,11,180,6,10,21,10,8,13,7,7,6
-62,37,326,24,12,117,355,11,180,6,9,22,11,9,12,6,7,6
-62,37,328,25,-3,120,2,11,181,6,9,23,11,9,11,5,6,6
-61,37,331,25,-18,121,9,11,181,6,9,24,11,9,9,5,5,6
-61,36,333,25,-36,119,16,12,182,6,9,24,11,9,8,4,4,6
-60,35,335,25,-53,116,25,13,186,6,9,25,9,8,6,3,4,6
-60,34,337,25,-67,111,32,14,187,6,8,26,10,9,5,3,3,6
-59,32,339,35,-74,94,37,25,194,6,11,25,10,9,3,2,3,6
-59,31,340,36,-89,80,42,35,199,6,18,25,10,9,3,2,3,6
-58,29,341,28,-96,55,48,50,215,9,32,19,8,8,2,2,3,6
-57,27,342,37,-93,43,54,51,223,9,21,15,8,9,2,2,3,6
-56,26,342,37,-94,42,59,51,231,8,11,10,7,9,3,2,3,6
-56,24,343,37,-94,42,63,52,237,7,7,7,7,10,3,2,3,6
-55,22,344,38,-94,26,69,67,247,7,9,11,7,8,3,2,3,6
-54,20,344,39,-97,13,71,83,259,7,13,19,8,8,3,2,3,6
-53,18,344,38,-98,-5,71,100,275,7,17,26,9,8,3,3,4,6
-53,17,343,36,-99,-20,70,114,289,7,18,26,10,9,4,3,4,6
-52,15,343,37,-99,-26,67,125,303,7,15,24,10,9,4,3,5,6
-51,13,342,37,-100,-28,64,132,314,6,12,19,9,10,4,4,6,6
-51,11,341,36,-96,-40,58,143,326,7,13,16,8,8,5,4,7,6
-50,9,340,36,-90,-56,51,149,334,7,14,16,7,8,5,4,8,6
-49,8,339,36,-82,-68,47,152,338,7,14,17,8,8,6,5,7,6
-48,6,338,36,-75,-77,42,155,341,7,14,20,9,9,6,5,7,6
-48,5,336,35,-66,-85,36,157,345,7,14,19,9,9,7,6,7,6
-47,4,334,35,-59,-90,30,159,349,7,14,17,8,9,7,7,8,6
-46,3,332,35,-51,-95,25,160,351,7,14,18,8,9,8,7,7,6
-46,2,331,35,-37,-101,18,161,354,7,14,17,8,2,1,1,1,6
-45,2,329,35,-23,-106,13,161,357,8,15,18,8,4,2,2,3,6
-44,2,326,35,-13,-109,8,162,358,11,22,20,9,6,3,2,5,6
-43,2,324,35,-4,-110,3,163,359,30,22,21,10,9,3,3,6,6
-43,2,322,35,5,-110,359,163,1,95,22,20,11,10,4,4,7,6
-42,2,320,35,8,-108,357,164,2,100,22,19,12,11,5,5,9,6
-41,2,318,34,8,-106,356,165,2,100,22,18,13,13,6,5,10,6
-41,2,316,33,7,-104,355,166,3,100,21,18,15,14,7,6,11,6
-40,2,314,33,7,-101,354,167,4,100,21,17,15,15,7,7,12,6
-39,2,312,32,6,-99,354,169,5,100,20,16,15,16,8,7,13,6
-39,3,310,31,5,-97,353,170,5,100,20,16,14,16,9,8,100,6
-38,3,308,31,5,-95,353,171,6,100,19,15,13,16,10,8,100,6
-38,3,306,30,4,-94,352,173,6,100,34,14,13,16,11,9,100,6
-37,3,304,29,3,-92,352,175,7,100,34,14,13,15,12,10,100,6
-36,3,303,29,3,-90,351,177,7,100,34,13,13,15,13,10,100,6
-36,3,301,28,2,-88,351,179,7,100,34,13,13,15,14,11,100,6
-35,3,299,28,1,-86,351,181,7,100,35,13,12,14,16,19,100,6
-35,3,297,27,1,-85,350,182,7,100,35,12,12,14,17,19,100,6
-34,3,296,27,0,-83,350,184,7,100,35,23,12,14,18,20,100,6
-34,3,294,26,0,-81,350,186,6,100,35,24,12,13,20,22,100,6
-33,3,292,26,-1,-80,350,187,6,100,35,23,12,13,21,30,100,6
-33,3,291,25,-1,-78,350,188,6,100,35,23,11,12,23,36,100,7
-32,3,289,25,-2,-76,349,190,6,100,66,22,12,12,24,100,100,7
-32,3,288,24,-3,-75,349,191,6,100,67,22,11,12,26,100,100,7
-31,3,286,24,-3,-73,349,192,6,100,68,21,11,11,27,100,100,7
-31,2,285,23,-4,-72,349,192,6,100,68,21,11,11,27,100,100,7
-30,2,283,23,-4,-70,349,193,6,100,34,20,10,10,25,100,100,7
-30,2,282,22,-4,-69,349,193,6,100,33,20,10,10,23,100,100,7
-30,2,281,21,-5,-68,349,194,6,100,33,19,9,9,22,100,100,7
-29,2,279,21,-4,-66,350,194,5,100,32,19,9,9,20,38,100,7
-29,2,278,21,-2,-65,351,195,3,100,31,18,12,10,20,39,100,7
-28,2,277,20,0,-64,353,195,1,100,31,18,17,13,21,39,100,7
-28,2,275,19,0,-64,356,195,360,100,30,18,20,19,23,39,47,7
-28,2,274,19,0,-62,357,195,359,100,29,17,20,24,25,40,47,7
-27,2,273,18,-1,-61,358,195,358,100,29,17,19,25,26,33,48,7
-27,2,272,18,-2,-60,360,195,357,100,28,16,19,26,27,25,48,7
-27,2,270,17,-2,-59,360,195,356,100,27,16,19,27,28,21,30,7
-27,2,269,17,-2,-58,1,195,356,100,26,16,18,29,34,20,24,7
-26,2,268,16,0,-58,2,195,358,62,25,15,18,30,39,27,27,7
-26,2,267,15,2,-58,2,194,359,62,24,15,17,31,39,42,41,7
-26,2,266,14,2,-58,2,194,360,72,24,14,17,32,41,42,52,7
-25,2,265,14,1,-57,2,194,2,78,23,14,17,33,42,43,53,7
-25,2,263,13,1,-56,2,194,3,81,22,14,16,34,44,43,53,7
-25,2,262,13,0,-55,2,194,4,82,22,13,16,36,45,43,54,7
-24,2,261,13,0,-54,1,194,4,93,21,13,16,37,46,44,54,7
-24,2,260,12,0,-53,1,194,4,100,21,13,15,38,47,44,55,7
-24,2,259,12,0,-53,1,195,4,100,20,12,15,39,48,44,55,7
-24,2,258,12,1,-52,360,195,4,100,20,12,14,40,49,45,55,7
-24,2,257,11,1,-51,360,196,3,100,20,12,14,41,50,45,55,7
-23,2,256,11,0,-51,360,197,2,100,20,12,13,43,51,45,54,7
-23,2,255,10,0,-50,360,197,2,100,19,11,13,43,52,46,54,7
-23,2,254,10,0,-49,360,198,1,100,19,11,13,41,52,46,54,7
-23,2,253,10,-1,-48,1,198,1,100,19,11,12,39,53,46,54,7
-23,2,252,9,0,-48,1,199,360,100,19,11,12,37,54,47,54,7
-23,2,251,9,1,-47,1,199,360,100,18,10,12,36,55,47,55,7
-22,2,250,8,1,-47,1,200,360,100,18,10,11,35,56,47,55,7
-22,2,249,8,1,-47,1,200,360,100,18,10,11,34,57,48,55,7
-22,2,248,7,1,-46,1,200,360,100,17,10,11,33,58,48,55,7
-22,2,247,7,0,-45,1,200,360,100,17,9,11,33,59,48,56,7
-22,2,246,7,0,-45,1,200,1,100,16,9,10,32,60,48,56,7
-22,2,246,6,0,-44,1,200,1,100,16,9,10,32,61,49,56,7
-22,2,245,6,1,-44,1,200,1,100,15,9,10,31,62,49,57,7
-22,2,244,5,1,-44,1,200,1,100,15,8,10,31,63,49,57,7
-21,2,243,5,1,-43,1,200,1,100,15,8,9,30,64,49,57,7
-21,2,242,4,0,-43,1,200,0,100,14,8,9,30,65,49,57,7
-21,2,241,4,0,-42,1,200,360,100,14,8,9,29,66,49,58,7
-21,2,240,4,0,-42,1,200,360,100,14,8,9,29,67,49,58,7
-21,2,239,3,1,-42,1,200,360,100,13,8,9,28,68,50,58,7
-21,2,239,3,1,-42,1,200,0,100,13,7,9,28,69,50,58,7
-21,2,238,2,0,-42,1,200,1,100,13,7,8,28,69,50,59,7
-21,2,237,2,0,-41,1,200,1,100,13,7,8,27,70,50,59,7
-21,2,236,1,0,-41,1,200,1,100,12,7,8,27,71,50,59,7
-21,2,235,1,1,-41,1,200,1,100,12,7,8,27,72,50,59,7
-21,2,234,1,1,-41,1,200,1,100,12,7,8,26,73,50,59,7
-21,2,234,0,1,-40,1,200,1,100,12,7,8,26,74,50,59,7
-21,2,233,0,0,-40,1,200,1,100,12,7,8,26,75,51,60,7
-21,2,232,0,0,-40,1,201,1,100,11,7,8,25,75,51,60,7
-21,2,231,-1,0,-40,1,201,1,100,11,7,7,24,76,51,59,7
-21,2,230,-1,1,-40,1,201,1,100,11,6,7,24,77,51,59,7
-21,2,230,-1,1,-39,1,202,1,100,11,6,7,23,77,51,59,7
-21,2,229,-2,1,-39,1,202,1,100,11,6,7,22,78,51,59,7
-21,2,228,-2,0,-39,1,203,1,100,11,6,7,21,78,51,59,7
-21,2,227,-2,0,-39,1,203,1,100,11,6,7,21,79,52,58,7
-21,2,226,-3,0,-39,1,204,1,100,11,6,7,20,80,52,58,7
-21,2,226,-3,1,-39,1,204,1,100,12,6,7,19,80,52,58,7
-22,2,225,-3,1,-38,1,205,1,100,12,6,7,19,81,52,58,7
-22,2,224,-4,0,-38,1,205,1,100,12,6,7,19,81,52,58,7
-22,2,223,-4,0,-38,1,206,1,100,12,6,7,18,82,52,57,7
-22,2,223,-4,0,-38,1,206,1,100,12,6,7,18,83,52,57,7
-22,2,222,-5,1,-38,1,206,360,100,12,6,7,18,83,52,57,7
-22,2,221,-5,1,-37,1,206,360,100,12,6,7,18,84,52,57,7
-22,2,220,-5,1,-37,1,207,360,100,12,6,7,18,85,52,57,7
-22,2,220,-6,0,-37,1,207,0,100,12,6,7,18,85,52,57,7
-22,2,219,-6,0,-37,1,207,1,100,12,6,7,18,86,52,57,7
-23,2,218,-6,0,-37,1,207,1,100,12,6,7,18,87,52,57,7
-23,2,217,-7,1,-37,1,207,1,100,12,6,7,18,88,52,57,7
-23,2,217,-7,1,-36,1,207,1,100,12,6,7,18,88,52,57,7
-23,2,216,-7,1,-36,1,207,1,100,12,6,7,18,89,52,57,7
-23,2,215,-8,0,-36,1,207,1,100,12,6,7,18,90,52,57,7
-23,2,214,-8,0,-36,1,207,0,100,12,6,7,19,91,52,57,7
-23,2,214,-8,0,-36,1,207,1,100,12,6,7,19,91,52,57,7
-24,2,213,-8,1,-36,1,207,1,100,12,6,7,19,92,52,57,7
-24,2,212,-9,1,-35,1,207,1,100,13,7,7,19,93,52,57,7
-24,2,212,-9,0,-35,1,207,1,100,13,7,7,20,93,52,57,7
-24,2,211,-9,0,-35,1,207,1,100,13,7,7,20,93,52,57,7
-24,2,210,-9,0,-35,1,207,1,100,13,7,7,20,92,52,57,7
-25,2,209,-9,1,-35,1,207,1,100,13,7,7,20,92,52,57,7
-25,2,209,-10,1,-35,1,207,1,100,13,7,7,21,93,51,57,7
-25,2,208,-10,1,-35,1,207,1,100,13,7,8,21,94,51,57,7
-25,2,207,-10,0,-35,1,207,1,100,13,7,8,21,94,51,57,7
-25,2,207,-10,0,-34,1,207,1,100,13,7,8,22,95,51,57,7
-26,2,206,-10,0,-34,1,207,1,100,14,7,8,22,96,51,56,7
-26,2,205,-11,1,-34,1,207,1,100,14,7,8,22,96,51,56,7
-26,2,205,-11,1,-34,1,208,1,100,14,7,8,22,97,51,56,7
-26,2,204,-11,1,-34,1,208,1,100,14,8,8,22,98,51,56,7
-27,2,203,-11,0,-34,1,208,1,100,15,8,8,22,98,51,56,7
-27,2,202,-11,0,-34,1,209,1,100,15,8,8,22,98,51,55,7
-27,2,202,-11,0,-34,1,209,1,100,16,8,8,22,99,51,55,7
-27,2,201,-12,1,-34,1,210,1,100,16,8,8,22,99,51,54,7
-27,2,200,-12,1,-34,1,211,1,100,16,8,9,22,100,51,54,7
-28,2,200,-12,1,-33,1,211,1,100,17,8,9,21,100,51,54,7
-28,2,199,-12,0,-33,1,212,1,100,17,8,9,21,100,51,53,7
-28,2,198,-12,0,-33,1,212,1,100,18,9,9,21,100,51,53,7
-29,2,198,-12,1,-33,1,212,1,100,18,9,9,21,100,51,53,7
-29,2,197,-13,1,-33,1,213,1,100,19,9,9,21,100,51,52,7
-29,2,196,-13,1,-33,1,213,0,100,19,9,9,22,100,51,52,7
-29,2,196,-13,1,-33,1,213,360,100,20,9,9,22,100,51,52,7
-30,2,195,-13,0,-33,1,214,360,100,20,9,9,22,100,51,52,7
-30,2,194,-13,0,-33,1,214,360,100,20,9,10,22,100,51,52,7
-30,2,194,-14,0,-32,1,214,1,100,21,10,10,23,100,51,51,7
-30,2,193,-14,0,-32,1,214,1,100,21,10,10,23,100,50,51,7
-31,2,192,-14,1,-32,1,214,1,100,21,10,10,23,100,50,51,7
-31,2,192,-14,1,-32,1,214,1,100,22,10,10,24,100,50,51,7
-31,2,191,-14,1,-32,1,214,1,100,22,10,10,24,100,50,51,7
-32,2,190,-14,0,-32,1,214,1,100,22,10,11,25,100,50,51,7
-32,2,190,-15,0,-32,1,214,0,100,23,11,11,25,100,49,51,7
-32,2,189,-15,0,-32,1,214,0,100,23,11,11,25,100,49,50,7
-33,2,189,-15,1,-32,1,214,1,100,23,11,11,26,100,49,50,7
-33,2,188,-15,1,-31,1,214,1,100,24,11,11,26,100,49,50,7
-33,2,187,-15,0,-31,1,214,1,100,24,11,11,27,100,49,50,7
-33,2,187,-15,0,-31,1,214,1,100,24,11,12,27,100,48,50,7
-34,2,186,-15,0,-31,1,214,0,100,25,12,12,28,100,48,50,7
-34,2,185,-16,1,-31,1,214,360,100,25,12,12,29,100,48,49,7
-34,2,185,-16,1,-31,1,214,360,100,25,12,12,29,100,48,49,7
-35,2,184,-16,1,-31,1,214,360,100,26,12,12,30,100,48,49,7
-35,2,183,-16,1,-31,1,214,360,100,26,12,13,31,100,47,49,7
-35,2,183,-16,1,-31,1,213,360,100,26,12,13,32,100,47,49,7
-36,2,182,-16,1,-31,1,213,360,100,26,13,13,33,100,47,49,7
-36,2,182,-16,1,-31,1,213,360,100,26,13,13,34,100,46,49,7
-36,2,181,-16,1,-31,1,212,360,100,26,13,14,35,100,46,49,7
-37,2,180,-16,1,-31,360,212,1,100,26,13,14,36,100,46,49,7
-37,2,180,-16,1,-31,360,211,1,100,26,13,14,38,100,45,49,7
-37,2,179,-16,1,-30,360,211,1,100,26,13,14,39,100,45,49,7
-38,2,178,-16,1,-30,360,210,2,100,26,13,15,41,100,45,49,7
-38,2,178,-16,1,-30,360,210,2,100,26,14,15,42,100,44,49,7
-38,2,177,-16,0,-30,360,209,2,100,26,14,15,44,100,44,49,7
-39,2,177,-16,0,-29,360,209,2,100,26,14,16,45,98,44,49,7
-39,2,176,-16,1,-29,1,209,2,100,26,14,16,47,96,43,49,7
-39,2,175,-16,0,-29,1,208,2,100,26,14,16,48,94,43,49,7
-40,2,175,-16,0,-30,1,208,2,100,27,14,16,49,92,43,49,7
-40,2,174,-16,0,-30,1,208,2,100,27,15,17,51,90,43,49,7
-40,2,174,-16,0,-30,1,207,2,100,27,15,17,53,88,42,48,7
-41,2,173,-16,1,-30,1,207,1,100,27,15,17,54,86,42,48,7
-41,2,172,-16,1,-31,1,207,360,100,27,15,17,56,84,42,48,7
-41,2,172,-16,1,-30,360,206,360,100,27,15,18,58,83,42,48,7
-42,2,171,-16,0,-30,360,206,359,100,28,15,18,60,62,41,48,7
-42,2,171,-16,0,-30,360,206,359,100,28,15,18,62,49,41,48,7
-42,2,170,-16,0,-30,360,205,359,100,28,16,19,64,56,41,48,7
-43,2,169,-16,1,-31,1,205,359,100,28,16,19,67,72,41,48,7
-43,2,169,-17,1,-32,1,204,359,100,28,16,19,70,74,41,48,7
-43,2,168,-17,1,-32,1,204,359,100,27,16,20,74,72,40,48,7
-44,2,167,-17,0,-32,1,203,359,100,27,16,20,79,70,40,48,7
-44,2,167,-16,0,-32,1,202,359,100,27,16,20,84,67,40,49,7
-44,2,166,-16,0,-32,1,201,359,100,27,16,21,91,65,40,49,7
-45,2,165,-16,0,-32,1,199,360,100,26,17,22,100,63,39,50,7
-45,2,165,-16,0,-32,1,198,360,100,26,17,22,100,60,39,50,7
-45,2,164,-16,1,-33,1,197,1,100,25,17,23,100,58,39,51,7
-46,2,163,-16,1,-34,1,196,1,100,25,17,23,100,57,39,51,7
-46,2,163,-16,1,-34,1,195,1,100,25,17,24,100,55,39,52,7
-46,2,162,-16,0,-35,1,194,360,100,25,17,25,100,54,38,52,7
-47,2,161,-16,0,-35,1,193,360,100,25,17,25,100,53,38,53,7
-47,2,161,-16,0,-36,1,192,360,100,24,18,26,100,52,38,53,7
-47,2,160,-16,1,-37,1,191,360,100,24,18,26,100,51,38,53,7
-48,2,159,-15,1,-37,1,191,360,100,24,18,27,100,50,38,54,7
-48,2,158,-15,1,-38,1,190,360,100,24,18,27,100,50,38,54,7
-48,2,158,-15,0,-39,1,190,1,100,24,18,28,100,49,38,54,7
-49,2,157,-15,0,-39,1,189,1,100,25,18,28,100,49,38,54,7
-49,2,156,-15,0,-40,1,189,1,100,25,18,29,100,48,37,54,7
-49,2,155,-15,1,-40,1,189,1,100,25,19,29,100,48,37,54,7
-49,2,154,-14,1,-41,1,189,360,100,25,19,29,100,48,37,54,7
-50,2,153,-14,1,-42,1,188,360,100,25,19,29,100,48,37,54,7
-50,2,153,-14,0,-42,1,188,360,100,25,19,30,100,47,37,54,7
-50,2,152,-14,0,-43,1,188,360,100,25,19,30,100,47,37,53,7
-51,2,151,-14,1,-43,1,188,0,100,25,19,30,100,47,37,53,7
-51,2,150,-14,1,-44,1,188,1,100,26,19,30,100,47,37,53,7
-51,2,149,-14,1,-44,1,188,1,100,26,19,30,100,47,37,53,7
-51,2,148,-13,0,-45,1,188,1,100,26,19,30,100,47,36,53,7
-52,2,147,-13,0,-45,1,188,1,100,26,19,30,100,47,36,53,7
-52,2,146,-13,0,-46,1,188,0,100,26,20,30,100,47,36,52,7
-52,2,145,-13,1,-46,1,188,360,100,26,20,30,100,47,36,52,7
-53,2,144,-13,1,-47,1,188,360,100,26,20,30,100,47,36,52,7
-53,2,143,-13,1,-47,1,188,360,100,27,20,30,100,46,36,52,7
-53,2,143,-13,0,-48,1,188,360,100,27,20,31,100,46,36,52,7
-53,2,142,-13,0,-48,1,187,360,100,27,20,31,100,46,36,52,7
-54,2,141,-12,0,-49,1,187,360,100,27,20,31,100,46,36,52,7
-54,2,140,-12,1,-49,1,187,360,100,27,20,31,100,46,36,52,7
-54,2,139,-12,1,-49,1,187,360,100,27,20,31,100,46,36,52,7
-54,2,138,-12,1,-50,1,186,360,100,27,20,32,100,45,36,52,7
-55,2,137,-12,0,-50,1,186,360,100,27,20,32,100,45,36,52,7
-55,2,136,-12,0,-51,1,185,360,100,27,20,32,100,45,35,52,7
-55,2,134,-12,1,-51,1,185,360,100,27,20,33,100,45,35,52,7
-55,2,133,-11,1,-51,1,185,360,100,27,21,33,100,45,35,53,7
-56,2,132,-11,1,-52,1,184,1,100,27,21,33,100,44,35,53,7
-56,2,131,-11,0,-52,1,184,1,100,27,21,33,100,44,35,53,7
-56,2,130,-11,0,-52,1,184,1,100,27,21,34,100,44,35,53,7
-56,2,129,-11,0,-53,1,184,1,100,27,21,34,100,44,35,53,7
-57,2,128,-11,1,-53,1,184,1,100,27,21,34,100,44,35,52,7
-57,2,127,-10,1,-54,1,183,360,100,27,21,34,100,44,35,52,7
-57,2,126,-10,1,-54,1,183,360,100,27,21,34,100,44,35,52,7
-57,2,125,-10,0,-54,1,183,360,100,27,21,34,100,44,35,52,7
-57,2,124,-10,0,-55,1,183,0,100,27,21,34,100,44,35,52,7
-58,2,123,-10,0,-55,1,183,1,100,27,21,34,100,44,35,52,7
-58,2,122,-10,1,-55,1,183,1,100,28,21,34,100,44,35,52,7
-58,2,120,-9,1,-55,1,183,1,100,28,21,34,100,44,35,52,7
-58,2,119,-9,1,-56,1,183,1,100,28,21,34,100,44,35,51,7
-58,2,118,-9,0,-56,1,183,1,100,28,21,34,100,44,35,51,7
-59,2,117,-9,0,-56,1,183,1,100,28,21,34,100,44,35,51,7
-59,2,116,-9,1,-57,1,183,1,100,28,21,34,100,44,35,51,7
-59,2,115,-9,1,-57,1,183,1,100,28,21,34,100,44,35,51,7
-59,2,114,-9,0,-57,1,183,1,100,28,21,33,100,44,35,50,7
-59,2,112,-8,0,-57,1,183,1,100,29,21,33,100,44,34,50,7
-59,2,111,-8,0,-58,1,184,1,100,29,21,33,100,45,34,50,7
-60,2,110,-8,0,-58,1,184,1,100,29,21,33,100,45,34,49,7
-60,2,109,-8,1,-58,1,184,1,100,29,21,32,100,45,34,49,7
-60,2,108,-8,1,-58,1,185,1,100,30,21,32,100,45,34,48,7
-60,2,107,-8,1,-59,1,185,1,100,30,21,32,100,46,34,48,7
-60,2,105,-8,1,-59,1,186,1,100,30,22,32,100,46,34,47,7
-60,2,104,-8,1,-59,1,186,360,100,31,22,31,100,46,34,47,7
-61,2,103,-8,1,-59,1,186,360,100,31,22,31,100,46,34,47,7
-61,2,102,-8,1,-59,1,186,360,100,31,22,31,100,47,34,46,7
-61,2,101,-8,1,-60,1,186,360,100,31,22,31,100,47,34,46,7
-61,2,99,-8,0,-60,1,186,1,100,32,22,31,100,47,34,46,7
-61,2,98,-8,0,-60,1,187,1,100,32,22,31,100,47,34,46,7
-61,2,97,-7,0,-60,1,187,360,100,32,22,31,100,47,34,46,7
-62,2,96,-7,1,-60,1,186,360,100,32,22,31,100,47,34,45,7
-62,2,95,-7,1,-61,1,186,360,100,32,22,31,100,47,34,45,7
-62,2,93,-7,1,-61,1,186,360,100,32,22,31,100,47,34,45,7
-62,2,92,-7,1,-61,1,186,360,100,32,22,31,100,47,34,45,7
-62,2,91,-7,1,-61,1,186,360,100,32,22,31,100,46,34,45,7
-62,2,90,-7,0,-61,1,185,360,100,32,22,32,100,46,34,45,7
-63,2,88,-7,0,-62,1,185,360,100,32,22,32,100,46,33,45,7
-63,2,87,-7,0,-62,1,185,1,100,33,22,32,100,46,33,45,7
-63,2,86,-7,0,-62,1,185,1,100,33,22,32,100,46,33,45,7
-63,2,85,-7,1,-62,1,185,1,100,33,22,32,100,46,33,45,7
-63,2,83,-7,1,-62,1,185,1,100,33,23,32,100,46,33,45,7
-63,2,82,-7,1,-62,1,184,0,100,33,23,32,100,46,33,45,7
-63,2,81,-7,1,-63,1,184,360,100,33,23,32,100,46,33,44,7
-64,2,80,-7,0,-63,1,184,360,100,34,23,32,100,46,33,44,7
-64,2,78,-7,0,-63,1,184,360,100,34,23,32,100,46,33,44,7
-64,2,77,-7,0,-63,1,184,1,100,34,23,32,100,46,33,44,7
-64,2,76,-7,0,-63,1,184,1,100,34,23,32,100,45,33,44,7
-64,2,75,-7,1,-63,1,184,1,100,34,23,33,100,45,33,44,7
-64,2,73,-7,1,-63,1,184,1,100,35,23,33,100,45,32,43,7
-64,2,72,-7,1,-63,1,184,1,100,35,23,33,100,45,32,43,7
-65,2,71,-6,1,-64,1,184,1,100,35,23,33,100,45,32,43,7
-65,2,69,-6,1,-64,1,184,0,100,35,24,33,100,45,32,43,7
-65,2,68,-6,1,-64,1,184,0,100,35,24,33,100,45,32,43,7
-65,2,67,-6,0,-64,1,184,1,100,36,24,33,100,45,32,43,7
-65,2,66,-6,0,-64,1,184,1,100,36,24,33,100,45,32,42,7
-65,2,64,-6,0,-64,1,184,1,100,36,24,33,100,45,32,42,7
-65,2,63,-6,1,-64,1,184,1,100,36,24,33,100,45,32,42,7
-66,2,62,-6,1,-64,1,184,1,100,36,24,33,100,45,32,42,7
-66,2,60,-6,1,-65,1,184,1,100,36,24,33,100,45,31,42,7
-66,2,59,-6,0,-65,1,184,1,100,37,24,33,100,45,31,42,7
-66,2,58,-6,0,-65,1,184,1,100,37,25,33,100,45,31,41,7
-66,2,56,-6,1,-65,1,184,360,100,37,25,34,100,45,31,41,7
-66,2,55,-6,1,-65,1,184,360,100,37,25,34,100,45,31,41,7
-66,2,54,-6,1,-65,1,184,360,100,37,25,34,100,45,31,41,7
-66,2,52,-6,1,-65,1,184,1,100,38,25,34,100,45,31,41,7
-67,2,51,-6,1,-65,1,184,1,100,38,25,34,100,45,31,41,7
-67,2,50,-6,0,-65,1,184,1,100,38,25,34,100,44,30,40,7
-67,2,49,-6,0,-65,1,184,1,100,38,26,34,100,44,30,40,7
-67,2,47,-5,1,-66,1,184,1,100,38,26,34,100,44,30,40,7
-67,2,46,-5,1,-66,1,184,1,100,38,26,34,100,44,30,40,7
-67,2,45,-5,1,-66,1,184,360,100,39,26,35,100,44,30,40,7
-67,2,43,-5,0,-66,1,184,360,100,39,26,35,100,44,30,40,7
-67,2,42,-5,0,-66,1,184,360,100,39,26,35,100,44,30,40,7
-67,2,41,-5,0,-66,1,183,360,100,39,26,35,100,43,30,40,7
-68,2,39,-5,1,-66,1,183,360,100,39,26,35,100,43,29,40,7
-68,2,38,-5,1,-66,1,183,360,100,39,26,36,100,43,29,40,7
-68,2,37,-5,1,-66,1,182,360,100,39,27,36,100,42,29,40,7
-68,2,35,-5,0,-66,1,182,360,100,38,27,36,100,42,29,40,7
-68,2,34,-5,0,-66,1,182,360,100,38,27,37,100,42,29,40,7
-68,2,33,-5,0,-66,1,181,1,100,38,27,37,100,41,29,40,7
-68,2,31,-5,1,-67,1,181,1,100,38,27,37,100,41,29,40,7
-68,2,30,-5,1,-67,1,181,1,100,38,27,38,100,41,29,40,7
-68,2,29,-5,1,-67,1,181,1,100,38,27,38,100,40,29,40,7
-69,2,27,-4,0,-67,1,181,1,100,38,27,38,100,40,28,40,7
-69,2,26,-4,0,-67,1,181,360,100,38,27,38,100,40,28,40,7
-69,2,24,-4,0,-67,1,180,360,100,39,27,39,100,40,28,40,7
-69,2,23,-4,1,-67,1,180,360,100,39,28,39,100,40,28,40,7
-69,2,22,-4,1,-67,1,180,0,100,39,28,39,100,39,28,40,7
-69,2,20,-4,0,-67,1,180,1,100,39,28,39,100,39,28,40,7
-69,2,19,-4,0,-67,1,180,1,100,39,28,39,100,39,28,39,7
-69,2,18,-4,0,-67,1,180,1,100,39,28,39,100,39,28,39,7
-69,2,16,-4,1,-67,1,180,1,100,39,28,40,100,39,28,39,7
-69,2,15,-3,1,-67,1,180,1,100,39,28,40,100,39,28,39,7
-69,2,14,-3,1,-67,1,180,1,100,39,28,40,100,39,28,39,7
-69,2,12,-3,0,-67,1,180,0,100,39,28,40,100,38,27,39,7
-70,2,11,-3,0,-67,1,180,1,100,39,28,40,100,38,27,39,7
-70,2,10,-3,0,-68,1,180,1,100,40,28,40,100,38,27,39,7
-70,2,8,-3,1,-68,1,180,1,100,40,28,40,100,38,27,39,7
-70,2,7,-3,1,-68,1,180,1,100,40,28,40,100,38,27,39,7
-70,2,5,-3,1,-68,1,180,1,100,40,29,41,100,38,27,39,8
